Date,Nasdaq 7HANDL Index ,Bloomberg Barclay U.S. Agg. Index 
3/12/2009,10000.00,10000.00
3/13/2009,9985.52,10000.00
3/16/2009,9986.30,9986.31
3/17/2009,10053.43,9971.71
3/18/2009,10132.31,10104.80
3/19/2009,10109.31,10093.40
3/20/2009,9990.46,10084.37
3/23/2009,10260.29,10082.15
3/24/2009,10243.30,10094.52
3/25/2009,10308.14,10072.35
3/26/2009,10379.48,10093.27
3/27/2009,10317.19,10093.61
3/30/2009,10223.88,10105.36
3/31/2009,10417.06,10117.31
4/1/2009,10427.34,10129.33
4/2/2009,10474.64,10113.84
4/3/2009,10647.77,10075.82
4/6/2009,10567.72,10076.93
4/7/2009,10510.45,10093.13
4/8/2009,10632.78,10119.81
4/9/2009,10737.59,10105.15
4/13/2009,10719.83,10146.71
4/14/2009,10719.08,10175.76
4/15/2009,10823.12,10190.00
4/16/2009,10934.16,10175.62
4/17/2009,10990.41,10144.35
4/20/2009,10796.61,10178.54
4/21/2009,10805.86,10159.98
4/22/2009,10836.11,10143.58
4/23/2009,10937.62,10160.68
4/24/2009,11019.61,10151.30
4/27/2009,10960.85,10183.75
4/28/2009,10976.59,10163.18
4/29/2009,11091.07,10149.35
4/30/2009,11092.06,10165.68
5/1/2009,11036.55,10152.82
5/4/2009,11136.51,10166.17
5/5/2009,11153.24,10178.47
5/6/2009,11244.44,10192.92
5/7/2009,11203.69,10169.99
5/8/2009,11317.87,10179.02
5/11/2009,11279.36,10222.95
5/12/2009,11306.07,10229.97
5/13/2009,11305.55,10252.07
5/14/2009,11295.28,10247.83
5/15/2009,11313.49,10252.48
5/18/2009,11394.66,10230.24
5/19/2009,11464.83,10244.56
5/20/2009,11434.32,10280.49
5/21/2009,11416.55,10238.79
5/22/2009,11415.02,10218.08
5/26/2009,11454.20,10201.05
5/27/2009,11353.52,10140.80
5/28/2009,11415.68,10142.75
5/29/2009,11487.82,10239.42
6/1/2009,11619.64,10168.39
6/2/2009,11633.08,10203.77
6/3/2009,11622.31,10237.68
6/4/2009,11580.32,10183.82
6/5/2009,11555.06,10108.07
6/8/2009,11607.21,10082.91
6/9/2009,11569.47,10110.29
6/10/2009,11600.39,10085.34
6/11/2009,11599.85,10116.13
6/12/2009,11636.75,10151.23
6/15/2009,11620.24,10188.20
6/16/2009,11574.02,10210.23
6/17/2009,11515.08,10235.66
6/18/2009,11480.61,10158.45
6/19/2009,11493.30,10188.06
6/22/2009,11462.07,10229.06
6/23/2009,11455.80,10243.24
6/24/2009,11516.65,10230.66
6/25/2009,11595.96,10284.31
6/26/2009,11566.73,10296.47
6/29/2009,11585.90,10300.78
6/30/2009,11604.82,10297.66
7/1/2009,11598.30,10301.55
7/2/2009,11566.83,10328.37
7/6/2009,11480.23,10332.27
7/7/2009,11440.79,10348.32
7/8/2009,11480.91,10406.28
7/9/2009,11598.60,10367.36
7/10/2009,11606.79,10418.72
7/13/2009,11650.14,10416.08
7/14/2009,11649.60,10380.22
7/15/2009,11709.65,10330.18
7/16/2009,11692.90,10354.02
7/17/2009,11676.15,10334.42
7/20/2009,11690.82,10371.95
7/21/2009,11779.03,10422.13
7/22/2009,11756.30,10400.37
7/23/2009,11807.35,10346.65
7/24/2009,11880.34,10367.01
7/27/2009,11890.51,10358.88
7/28/2009,11945.54,10371.81
7/29/2009,12008.54,10378.48
7/30/2009,12062.82,10397.18
7/31/2009,12184.88,10463.75
8/3/2009,12246.86,10424.28
8/4/2009,12227.85,10415.73
8/5/2009,12257.19,10389.67
8/6/2009,12231.20,10402.18
8/7/2009,12255.05,10366.32
8/10/2009,12262.95,10412.40
8/11/2009,12257.65,10438.87
8/12/2009,12281.75,10434.63
8/13/2009,12281.18,10476.82
8/14/2009,12290.82,10493.92
8/17/2009,12187.37,10508.51
8/18/2009,12205.74,10488.36
8/19/2009,12212.64,10505.52
8/20/2009,12216.31,10522.20
8/21/2009,12289.96,10479.60
8/24/2009,12282.66,10513.37
8/25/2009,12325.92,10532.42
8/26/2009,12375.15,10539.16
8/27/2009,12335.73,10532.90
8/28/2009,12316.49,10544.51
8/31/2009,12313.18,10572.10
9/1/2009,12262.56,10582.39
9/2/2009,12284.90,10614.28
9/3/2009,12336.35,10602.47
9/4/2009,12384.32,10568.28
9/8/2009,12442.00,10571.75
9/9/2009,12447.39,10574.46
9/10/2009,12509.04,10629.57
9/11/2009,12549.28,10634.72
9/14/2009,12548.20,10617.97
9/15/2009,12525.71,10607.47
9/16/2009,12608.25,10608.17
9/17/2009,12623.59,10642.50
9/18/2009,12635.94,10614.21
9/21/2009,12643.81,10613.87
9/22/2009,12691.74,10629.57
9/23/2009,12739.17,10648.41
9/24/2009,12723.16,10662.72
9/25/2009,12735.50,10674.12
9/28/2009,12784.66,10687.60
9/29/2009,12804.72,10687.40
9/30/2009,12813.57,10683.16
10/1/2009,12692.59,10723.05
10/2/2009,12660.17,10710.40
10/5/2009,12732.95,10715.33
10/6/2009,12736.09,10709.36
10/7/2009,12744.45,10745.77
10/8/2009,12756.04,10721.45
10/9/2009,12794.24,10672.80
10/12/2009,12799.12,10672.80
10/13/2009,12798.27,10714.50
10/14/2009,12764.61,10682.18
10/15/2009,12734.93,10664.74
10/16/2009,12755.97,10682.46
10/19/2009,12824.24,10691.36
10/20/2009,12848.25,10719.16
10/21/2009,12843.43,10693.44
10/22/2009,12854.02,10697.33
10/23/2009,12843.73,10681.21
10/26/2009,12824.24,10658.55
10/27/2009,12840.55,10697.33
10/28/2009,12745.02,10720.48
10/29/2009,12786.42,10688.85
10/30/2009,12794.03,10735.90
11/2/2009,12796.42,10726.17
11/3/2009,12758.55,10704.35
11/4/2009,12779.58,10685.45
11/5/2009,12788.92,10701.36
11/6/2009,12770.44,10717.56
11/9/2009,12825.99,10727.36
11/10/2009,12777.45,10734.31
11/11/2009,12837.72,10734.31
11/12/2009,12836.87,10755.92
11/13/2009,12857.63,10769.12
11/16/2009,12905.96,10810.54
11/17/2009,12897.17,10810.47
11/18/2009,12956.67,10796.51
11/19/2009,12955.07,10804.01
11/20/2009,13012.82,10802.69
11/23/2009,13034.81,10807.97
11/24/2009,13064.00,10830.42
11/25/2009,13077.05,10838.90
11/27/2009,13044.67,10867.53
11/30/2009,13130.21,10874.90
12/1/2009,13157.15,10850.50
12/2/2009,13159.02,10834.87
12/3/2009,13126.64,10816.87
12/4/2009,13130.25,10781.15
12/7/2009,13179.77,10807.63
12/8/2009,13196.78,10834.31
12/9/2009,13207.84,10827.15
12/10/2009,13194.81,10808.74
12/11/2009,13194.20,10796.44
12/14/2009,13245.95,10794.70
12/15/2009,13215.80,10773.64
12/16/2009,13212.71,10781.56
12/17/2009,13216.56,10831.18
12/18/2009,13218.18,10809.29
12/21/2009,13210.62,10760.65
12/22/2009,13214.47,10736.53
12/23/2009,13241.89,10734.51
12/24/2009,13240.53,10706.92
12/28/2009,13252.57,10692.89
12/29/2009,13215.74,10708.17
12/30/2009,13242.65,10723.19
12/31/2009,13197.90,10704.91
1/4/2010,13267.71,10719.22
1/5/2010,13299.08,10766.48
1/6/2010,13305.91,10756.75
1/7/2010,13332.31,10751.19
1/8/2010,13343.85,10760.85
1/11/2010,13344.47,10765.65
1/12/2010,13332.94,10808.46
1/13/2010,13364.79,10784.20
1/14/2010,13364.17,10812.56
1/15/2010,13397.02,10835.84
1/19/2010,13441.26,10823.40
1/20/2010,13414.12,10842.44
1/21/2010,13351.28,10865.10
1/22/2010,13302.58,10862.60
1/25/2010,13306.92,10850.23
1/26/2010,13308.53,10848.35
1/27/2010,13314.61,10843.49
1/28/2010,13303.33,10841.89
1/29/2010,13262.82,10868.44
2/1/2010,13329.10,10851.27
2/2/2010,13345.33,10863.64
2/3/2010,13304.83,10843.49
2/4/2010,13162.50,10878.16
2/5/2010,13159.42,10900.61
2/8/2010,13132.30,10882.54
2/9/2010,13160.42,10862.18
2/10/2010,13075.10,10836.33
2/11/2010,13074.25,10827.01
2/12/2010,13100.64,10844.46
2/16/2010,13196.61,10860.37
2/17/2010,13209.87,10830.56
2/18/2010,13173.10,10810.96
2/19/2010,13216.81,10814.99
2/22/2010,13212.24,10823.61
2/23/2010,13216.82,10866.77
2/24/2010,13217.20,10863.78
2/25/2010,13245.06,10883.03
2/26/2010,13267.96,10909.02
3/1/2010,13341.12,10907.21
3/2/2010,13369.21,10915.00
3/3/2010,13388.64,10916.74
3/4/2010,13408.56,10923.69
3/5/2010,13430.71,10899.78
3/8/2010,13425.63,10898.81
3/9/2010,13475.49,10911.25
3/10/2010,13492.69,10907.14
3/11/2010,13492.06,10910.20
3/12/2010,13551.07,10914.16
3/15/2010,13558.11,10920.84
3/16/2010,13607.21,10943.35
3/17/2010,13646.41,10950.23
3/18/2010,13663.84,10939.53
3/19/2010,13642.43,10934.11
3/22/2010,13678.90,10942.24
3/23/2010,13703.25,10943.70
3/24/2010,13676.89,10888.03
3/25/2010,13662.65,10862.67
3/26/2010,13664.98,10883.86
3/29/2010,13712.33,10886.23
3/30/2010,13718.62,10880.94
3/31/2010,13694.98,10895.61
4/1/2010,13689.40,10880.67
4/5/2010,13711.51,10820.83
4/6/2010,13762.55,10836.05
4/7/2010,13713.95,10887.82
4/8/2010,13696.99,10878.58
4/9/2010,13718.85,10885.81
4/12/2010,13744.92,10918.61
4/13/2010,13777.16,10933.14
4/14/2010,13776.27,10916.53
4/15/2010,13787.50,10927.37
4/16/2010,13723.33,10963.58
4/19/2010,13730.11,10944.53
4/20/2010,13794.72,10946.13
4/21/2010,13812.62,10971.50
4/22/2010,13839.65,10954.75
4/23/2010,13883.00,10938.00
4/26/2010,13896.19,10943.35
4/27/2010,13852.30,10991.44
4/28/2010,13866.48,10956.63
4/29/2010,13896.48,10982.83
4/30/2010,13873.10,11009.03
5/3/2010,13932.24,10988.39
5/4/2010,13880.71,11024.04
5/5/2010,13794.59,11046.00
5/6/2010,13661.80,11097.08
5/7/2010,13593.49,11058.30
5/10/2010,13708.20,11034.32
5/11/2010,13722.88,11030.85
5/12/2010,13823.00,11029.25
5/13/2010,13822.11,11041.00
5/14/2010,13785.42,11091.94
5/17/2010,13714.90,11083.25
5/18/2010,13662.41,11115.64
5/19/2010,13546.47,11110.70
5/20/2010,13306.35,11141.42
5/21/2010,13508.42,11154.35
5/24/2010,13527.05,11134.40
5/25/2010,13544.45,11145.59
5/26/2010,13503.83,11124.25
5/27/2010,13572.56,11080.96
5/28/2010,13567.98,11101.67
6/1/2010,13521.20,11106.32
6/2/2010,13563.02,11093.12
6/3/2010,13476.51,11084.78
6/4/2010,13449.72,11158.03
6/7/2010,13418.25,11159.21
6/8/2010,13442.55,11164.91
6/9/2010,13412.81,11159.07
6/10/2010,13535.56,11103.20
6/11/2010,13534.68,11150.25
6/14/2010,13520.48,11135.16
6/15/2010,13653.32,11125.16
6/16/2010,13665.27,11138.99
6/17/2010,13625.90,11180.89
6/18/2010,13616.15,11173.04
6/21/2010,13610.58,11178.18
6/22/2010,13540.89,11207.58
6/23/2010,13585.89,11225.23
6/24/2010,13560.84,11214.74
6/25/2010,13608.30,11223.57
6/28/2010,13688.80,11259.08
6/29/2010,13605.80,11274.71
6/30/2010,13615.77,11275.76
7/1/2010,13614.40,11282.08
7/2/2010,13593.55,11266.10
7/6/2010,13597.85,11294.04
7/7/2010,13712.60,11279.44
7/8/2010,13709.25,11272.35
7/9/2010,13738.19,11263.94
7/12/2010,13741.99,11273.12
7/13/2010,13731.74,11255.39
7/14/2010,13731.10,11288.48
7/15/2010,13733.42,11317.32
7/16/2010,13668.96,11333.86
7/19/2010,13723.52,11323.57
7/20/2010,13836.00,11336.43
7/21/2010,13849.15,11360.54
7/22/2010,13932.53,11350.61
7/23/2010,13964.66,11334.83
7/26/2010,14040.63,11342.75
7/27/2010,14069.30,11332.26
7/28/2010,14069.14,11353.59
7/29/2010,14016.26,11358.81
7/30/2010,14044.68,11396.06
8/2/2010,14116.69,11374.58
8/3/2010,14105.20,11403.35
8/4/2010,14171.29,11387.30
8/5/2010,14180.48,11400.16
8/6/2010,14220.95,11428.09
8/9/2010,14222.02,11425.66
8/10/2010,14213.97,11436.30
8/11/2010,14141.41,11462.08
8/12/2010,14140.75,11441.37
8/13/2010,14220.12,11461.73
8/16/2010,14222.41,11506.49
8/17/2010,14269.51,11481.54
8/18/2010,14278.45,11480.15
8/19/2010,14248.25,11508.50
8/20/2010,14257.19,11489.81
8/23/2010,14249.88,11497.80
8/24/2010,14150.51,11529.98
8/25/2010,14128.44,11518.09
8/26/2010,14124.59,11537.90
8/27/2010,14165.03,11476.81
8/30/2010,14187.01,11518.65
8/31/2010,14201.86,11542.70
9/1/2010,14245.49,11505.17
9/2/2010,14241.88,11492.03
9/3/2010,14235.07,11469.24
9/7/2010,14219.64,11515.04
9/8/2010,14225.13,11494.12
9/9/2010,14206.02,11447.62
9/10/2010,14213.48,11438.73
9/13/2010,14263.49,11470.84
9/14/2010,14262.83,11501.21
9/15/2010,14322.19,11476.74
9/16/2010,14328.16,11463.47
9/17/2010,14363.16,11465.69
9/20/2010,14401.84,11482.72
9/21/2010,14412.00,11527.82
9/22/2010,14389.93,11537.14
9/23/2010,14360.49,11530.74
9/24/2010,14445.40,11508.29
9/27/2010,14475.95,11549.37
9/28/2010,14492.74,11569.66
9/29/2010,14487.64,11552.63
9/30/2010,14512.53,11555.00
10/1/2010,14580.45,11555.69
10/4/2010,14586.41,11575.22
10/5/2010,14620.14,11579.32
10/6/2010,14617.25,11613.86
10/7/2010,14667.45,11621.99
10/8/2010,14702.65,11629.43
10/11/2010,14729.25,11629.43
10/12/2010,14713.09,11621.51
10/13/2010,14712.40,11626.58
10/14/2010,14672.40,11598.02
10/15/2010,14643.71,11565.21
10/18/2010,14723.38,11601.35
10/19/2010,14702.30,11615.74
10/20/2010,14746.82,11623.10
10/21/2010,14758.67,11605.66
10/22/2010,14774.69,11599.89
10/25/2010,14788.74,11603.78
10/26/2010,14809.67,11573.69
10/27/2010,14753.23,11550.41
10/28/2010,14790.37,11571.81
10/29/2010,14829.22,11596.14
11/1/2010,14797.10,11596.42
11/2/2010,14851.42,11619.14
11/3/2010,14854.17,11609.69
11/4/2010,14969.38,11655.91
11/5/2010,14973.84,11629.08
11/8/2010,14945.65,11621.02
11/9/2010,14887.50,11574.73
11/10/2010,14897.12,11582.17
11/11/2010,14896.19,11582.17
11/12/2010,14846.89,11537.00
11/15/2010,14848.65,11480.91
11/16/2010,14790.28,11505.10
11/17/2010,14886.06,11507.04
11/18/2010,14929.79,11498.77
11/19/2010,14928.12,11508.78
11/22/2010,14865.58,11538.60
11/23/2010,14817.03,11555.69
11/24/2010,14831.56,11488.42
11/26/2010,14744.98,11508.22
11/29/2010,14702.83,11524.77
11/30/2010,14665.34,11529.49
12/1/2010,14706.86,11454.85
12/2/2010,14768.74,11442.13
12/3/2010,14788.17,11451.24
12/6/2010,14816.19,11494.26
12/7/2010,14769.14,11399.11
12/8/2010,14748.83,11368.40
12/9/2010,14748.63,11377.29
12/10/2010,14749.17,11353.87
12/13/2010,14748.00,11371.87
12/14/2010,14745.60,11299.25
12/15/2010,14724.80,11270.34
12/16/2010,14777.83,11285.14
12/17/2010,14832.07,11362.98
12/20/2010,14776.70,11355.61
12/21/2010,14781.65,11368.95
12/22/2010,14816.27,11361.45
12/23/2010,14812.64,11339.83
12/27/2010,14832.55,11358.88
12/28/2010,14787.00,11301.26
12/29/2010,14796.85,11376.95
12/30/2010,14827.05,11365.96
12/31/2010,14890.09,11405.16
1/3/2011,14922.49,11395.43
1/4/2011,14958.81,11397.10
1/5/2011,14941.20,11333.72
1/6/2011,14930.70,11361.31
1/7/2011,14953.78,11406.97
1/10/2011,14913.14,11417.88
1/11/2011,14968.32,11405.23
1/12/2011,14982.82,11402.59
1/13/2011,14982.12,11430.94
1/14/2011,15021.12,11419.55
1/18/2011,15022.13,11408.36
1/19/2011,14999.39,11424.13
1/20/2011,14988.16,11370.83
1/21/2011,15019.80,11391.40
1/24/2011,15058.54,11398.21
1/25/2011,15068.37,11435.88
1/26/2011,15094.61,11390.71
1/27/2011,15138.73,11416.21
1/28/2011,15087.58,11436.37
1/31/2011,15118.22,11418.43
2/1/2011,15125.11,11392.58
2/2/2011,15079.35,11369.44
2/3/2011,15097.75,11345.95
2/4/2011,15123.49,11302.24
2/7/2011,15158.54,11310.30
2/8/2011,15151.22,11270.61
2/9/2011,15169.61,11304.60
2/10/2011,15116.03,11271.31
2/11/2011,15115.33,11302.17
2/14/2011,15159.42,11323.50
2/15/2011,15148.68,11331.15
2/16/2011,15140.15,11327.46
2/17/2011,15147.03,11355.75
2/18/2011,15184.26,11349.91
2/22/2011,15128.01,11404.05
2/23/2011,15120.94,11398.42
2/24/2011,15106.05,11418.37
2/25/2011,15195.88,11429.00
2/28/2011,15250.47,11447.00
3/1/2011,15208.90,11452.35
3/2/2011,15223.86,11426.84
3/3/2011,15281.86,11375.28
3/4/2011,15272.59,11422.81
3/7/2011,15199.96,11424.20
3/8/2011,15207.58,11402.38
3/9/2011,15226.19,11438.03
3/10/2011,15238.45,11473.75
3/11/2011,15237.50,11471.88
3/14/2011,15153.88,11498.01
3/15/2011,15108.18,11498.91
3/16/2011,15093.54,11543.81
3/17/2011,15135.14,11522.26
3/18/2011,15133.71,11517.47
3/21/2011,15183.86,11495.85
3/22/2011,15181.93,11487.31
3/23/2011,15159.72,11484.80
3/24/2011,15189.57,11467.71
3/25/2011,15182.02,11448.25
3/28/2011,15146.12,11448.32
3/29/2011,15106.06,11428.09
3/30/2011,15169.64,11449.08
3/31/2011,15165.27,11453.32
4/1/2011,15219.31,11452.28
4/4/2011,15229.36,11465.35
4/5/2011,15235.25,11438.94
4/6/2011,15255.56,11418.57
4/7/2011,15245.32,11422.33
4/8/2011,15220.66,11418.85
4/11/2011,15221.67,11423.58
4/12/2011,15245.39,11459.79
4/13/2011,15244.69,11478.55
4/14/2011,15253.75,11469.72
4/15/2011,15297.99,11512.95
4/18/2011,15249.40,11534.98
4/19/2011,15269.21,11542.97
4/20/2011,15312.23,11526.78
4/21/2011,15304.43,11525.81
4/25/2011,15309.34,11548.81
4/26/2011,15352.83,11572.93
4/27/2011,15378.25,11555.48
4/28/2011,15397.31,11585.92
4/29/2011,15439.33,11598.71
5/2/2011,15421.03,11604.06
5/3/2011,15455.72,11619.00
5/4/2011,15499.44,11631.58
5/5/2011,15508.00,11658.13
5/6/2011,15532.91,11664.73
5/9/2011,15602.50,11675.78
5/10/2011,15632.04,11650.35
5/11/2011,15640.10,11670.92
5/12/2011,15639.13,11652.29
5/13/2011,15636.45,11670.78
5/16/2011,15627.92,11694.13
5/17/2011,15637.69,11710.46
5/18/2011,15638.42,11684.40
5/19/2011,15659.90,11686.21
5/20/2011,15667.47,11695.03
5/23/2011,15633.32,11703.51
5/24/2011,15621.61,11708.24
5/25/2011,15635.77,11705.74
5/26/2011,15635.04,11740.90
5/27/2011,15623.10,11736.31
5/31/2011,15670.18,11750.07
6/1/2011,15635.55,11790.24
6/2/2011,15610.92,11754.59
6/3/2011,15572.87,11770.44
6/6/2011,15502.40,11767.24
6/7/2011,15501.43,11771.55
6/8/2011,15498.76,11796.36
6/9/2011,15527.06,11772.11
6/10/2011,15492.20,11782.32
6/13/2011,15491.24,11774.40
6/14/2011,15485.64,11728.11
6/15/2011,15418.36,11782.18
6/16/2011,15356.45,11793.79
6/17/2011,15370.61,11781.90
6/20/2011,15406.95,11778.57
6/21/2011,15426.95,11775.02
6/22/2011,15411.86,11782.18
6/23/2011,15374.33,11814.36
6/24/2011,15337.55,11820.41
6/27/2011,15354.87,11787.53
6/28/2011,15343.68,11739.51
6/29/2011,15375.13,11725.75
6/30/2011,15406.10,11715.67
7/1/2011,15449.98,11701.22
7/5/2011,15514.08,11735.97
7/6/2011,15499.96,11751.12
7/7/2011,15557.23,11724.01
7/8/2011,15512.65,11793.86
7/11/2011,15497.80,11828.26
7/12/2011,15503.66,11832.36
7/13/2011,15529.98,11846.40
7/14/2011,15529.26,11823.60
7/15/2011,15594.30,11831.04
7/18/2011,15587.25,11823.05
7/19/2011,15650.82,11837.22
7/20/2011,15667.39,11821.59
7/21/2011,15728.03,11797.89
7/22/2011,15700.27,11824.30
7/25/2011,15651.33,11804.21
7/26/2011,15678.60,11830.27
7/27/2011,15562.46,11812.97
7/28/2011,15594.85,11831.18
7/29/2011,15567.59,11901.58
8/1/2011,15666.20,11932.85
8/2/2011,15605.82,11988.45
8/3/2011,15627.74,11995.47
8/4/2011,15468.54,12050.65
8/5/2011,15356.10,11985.46
8/8/2011,14902.41,12038.49
8/9/2011,15179.43,12099.16
8/10/2011,15079.67,12135.51
8/11/2011,15078.72,12047.73
8/12/2011,15118.67,12093.95
8/15/2011,15193.89,12067.68
8/16/2011,15202.43,12099.09
8/17/2011,15147.46,12121.19
8/18/2011,14946.51,12144.68
8/19/2011,14741.44,12136.90
8/22/2011,14885.52,12122.79
8/23/2011,14870.23,12084.56
8/24/2011,14916.25,12024.94
8/25/2011,14949.12,12045.02
8/26/2011,15061.54,12067.61
8/29/2011,15126.76,12038.00
8/30/2011,15162.78,12089.22
8/31/2011,15072.82,12075.46
9/1/2011,15030.04,12114.73
9/2/2011,14996.27,12168.24
9/6/2011,15036.67,12170.11
9/7/2011,15086.07,12146.00
9/8/2011,15048.65,12161.22
9/9/2011,15040.66,12190.27
9/12/2011,15074.24,12171.50
9/13/2011,15136.75,12145.10
9/14/2011,15136.05,12146.07
9/15/2011,15156.98,12122.02
9/16/2011,15122.73,12128.00
9/19/2011,15114.25,12183.81
9/20/2011,15192.06,12175.33
9/21/2011,15090.00,12215.22
9/22/2011,14985.52,12272.90
9/23/2011,14984.34,12210.56
9/26/2011,15034.44,12161.98
9/27/2011,15078.94,12116.46
9/28/2011,15041.54,12126.96
9/29/2011,15098.68,12148.01
9/30/2011,15051.33,12163.30
10/3/2011,14980.65,12219.81
10/4/2011,14926.02,12194.72
10/5/2011,14880.14,12147.11
10/6/2011,14915.40,12120.49
10/7/2011,14932.93,12088.18
10/10/2011,15032.80,12088.18
10/11/2011,14956.81,12071.85
10/12/2011,14992.79,12052.32
10/13/2011,14992.09,12089.29
10/14/2011,14977.55,12066.98
10/17/2011,14996.53,12103.33
10/18/2011,15071.35,12104.23
10/19/2011,15092.75,12112.57
10/20/2011,15083.55,12107.71
10/21/2011,15230.96,12101.87
10/24/2011,15290.71,12090.47
10/25/2011,15297.04,12152.05
10/26/2011,15314.54,12123.48
10/27/2011,15401.71,12066.91
10/28/2011,15394.92,12119.94
10/31/2011,15443.24,12176.37
11/1/2011,15378.93,12239.40
11/2/2011,15407.59,12234.54
11/3/2011,15483.08,12210.01
11/4/2011,15521.68,12221.68
11/7/2011,15511.49,12237.25
11/8/2011,15511.26,12202.29
11/9/2011,15511.02,12228.91
11/10/2011,15536.99,12191.66
11/11/2011,15536.27,12191.66
11/14/2011,15463.73,12198.96
11/15/2011,15504.74,12184.85
11/16/2011,15516.16,12198.26
11/17/2011,15452.85,12213.20
11/18/2011,15477.84,12192.98
11/21/2011,15439.28,12203.13
11/22/2011,15323.35,12206.88
11/23/2011,15250.85,12220.78
11/25/2011,15282.88,12179.91
11/28/2011,15339.41,12197.36
11/29/2011,15382.59,12186.10
11/30/2011,15442.26,12165.81
12/1/2011,15372.43,12145.58
12/2/2011,15375.60,12189.99
12/5/2011,15362.76,12202.22
12/6/2011,15361.80,12187.14
12/7/2011,15322.06,12225.23
12/8/2011,15267.53,12248.99
12/9/2011,15376.88,12208.89
12/12/2011,15333.26,12229.26
12/13/2011,15332.54,12247.95
12/14/2011,15346.86,12272.35
12/15/2011,15382.75,12261.99
12/16/2011,15422.02,12285.97
12/19/2011,15418.40,12301.81
12/20/2011,15482.15,12260.74
12/21/2011,15444.11,12237.53
12/22/2011,15522.87,12245.59
12/23/2011,15487.26,12208.82
12/27/2011,15473.94,12225.43
12/28/2011,15456.75,12277.42
12/29/2011,15470.57,12285.27
12/30/2011,15497.46,12299.52
1/3/2012,15481.00,12271.44
1/4/2012,15529.46,12264.01
1/5/2012,15505.00,12263.38
1/6/2012,15551.51,12282.42
1/9/2012,15590.75,12291.18
1/10/2012,15611.34,12291.60
1/11/2012,15606.26,12320.16
1/12/2012,15645.73,12315.22
1/13/2012,15644.76,12349.35
1/17/2012,15698.28,12355.67
1/18/2012,15713.78,12333.22
1/19/2012,15732.42,12308.48
1/20/2012,15730.47,12287.84
1/23/2012,15740.16,12278.74
1/24/2012,15756.13,12280.62
1/25/2012,15834.32,12307.23
1/26/2012,15860.45,12348.79
1/27/2012,15871.82,12362.27
1/30/2012,15876.17,12388.61
1/31/2012,15943.44,12407.52
2/1/2012,15966.18,12389.93
2/2/2012,15957.21,12399.52
2/3/2012,15968.57,12354.35
2/6/2012,15975.57,12385.97
2/7/2012,16015.00,12362.90
2/8/2012,16024.18,12367.14
2/9/2012,16034.80,12348.03
2/10/2012,16022.20,12377.49
2/13/2012,16020.98,12372.91
2/14/2012,16036.92,12402.44
2/15/2012,16043.92,12398.34
2/16/2012,16093.25,12360.19
2/17/2012,16096.62,12358.66
2/21/2012,16088.85,12347.54
2/22/2012,16104.31,12370.75
2/23/2012,16123.40,12380.07
2/24/2012,16130.63,12385.00
2/27/2012,16177.28,12413.01
2/28/2012,16190.31,12414.54
2/29/2012,16156.43,12404.67
3/1/2012,16198.00,12383.12
3/2/2012,16192.17,12408.63
3/5/2012,16177.88,12396.54
3/6/2012,16129.98,12416.69
3/7/2012,16167.19,12398.83
3/8/2012,16209.23,12386.74
3/9/2012,16244.01,12380.00
3/12/2012,16274.92,12387.02
3/13/2012,16273.93,12354.84
3/14/2012,16231.60,12284.44
3/15/2012,16239.79,12294.17
3/16/2012,16212.21,12294.58
3/19/2012,16166.26,12260.95
3/20/2012,16182.43,12262.55
3/21/2012,16210.19,12301.81
3/22/2012,16204.85,12305.56
3/23/2012,16235.50,12321.48
3/26/2012,16306.03,12323.91
3/27/2012,16283.04,12350.60
3/28/2012,16269.48,12348.65
3/29/2012,16280.08,12363.18
3/30/2012,16272.56,12336.70
4/2/2012,16291.85,12347.61
4/3/2012,16287.96,12306.12
4/4/2012,16269.81,12322.31
4/5/2012,16288.14,12346.98
4/9/2012,16325.30,12413.42
4/10/2012,16285.90,12432.05
4/11/2012,16280.56,12413.22
4/12/2012,16333.65,12409.39
4/13/2012,16332.89,12436.29
4/16/2012,16376.08,12448.24
4/17/2012,16395.60,12433.51
4/18/2012,16350.41,12446.02
4/19/2012,16362.69,12456.72
4/20/2012,16379.55,12447.48
4/23/2012,16315.06,12461.93
4/24/2012,16348.58,12450.40
4/25/2012,16427.72,12443.72
4/26/2012,16420.92,12453.73
4/27/2012,16423.78,12463.53
4/30/2012,16471.29,12473.47
5/1/2012,16487.66,12456.86
5/2/2012,16459.87,12477.85
5/3/2012,16438.83,12483.69
5/4/2012,16404.29,12502.38
5/7/2012,16403.28,12503.28
5/8/2012,16457.29,12517.25
5/9/2012,16461.59,12506.97
5/10/2012,16476.27,12499.32
5/11/2012,16475.51,12513.22
5/14/2012,16441.21,12529.76
5/15/2012,16422.35,12529.21
5/16/2012,16372.38,12528.16
5/17/2012,16233.18,12545.54
5/18/2012,16195.28,12537.89
5/21/2012,16250.24,12529.35
5/22/2012,16242.25,12499.25
5/23/2012,16233.54,12529.28
5/24/2012,16247.49,12510.72
5/25/2012,16232.51,12515.93
5/29/2012,16253.46,12523.30
5/30/2012,16214.37,12570.56
5/31/2012,16159.61,12586.33
6/1/2012,16066.76,12622.40
6/4/2012,16122.91,12594.26
6/5/2012,16136.15,12579.31
6/6/2012,16199.52,12548.94
6/7/2012,16207.20,12553.11
6/8/2012,16238.51,12555.27
6/11/2012,16239.68,12581.05
6/12/2012,16251.22,12554.16
6/13/2012,16250.46,12579.31
6/14/2012,16221.75,12574.38
6/15/2012,16251.60,12592.17
6/18/2012,16270.85,12596.83
6/19/2012,16337.56,12583.69
6/20/2012,16335.60,12579.73
6/21/2012,16309.78,12599.26
6/22/2012,16293.37,12577.23
6/25/2012,16299.60,12609.34
6/26/2012,16298.36,12598.36
6/27/2012,16350.11,12603.22
6/28/2012,16407.89,12619.83
6/29/2012,16483.00,12591.27
7/2/2012,16554.73,12633.87
7/3/2012,16552.03,12615.03
7/5/2012,16485.04,12632.41
7/6/2012,16506.19,12657.22
7/9/2012,16468.33,12676.82
7/10/2012,16460.59,12693.29
7/11/2012,16500.52,12699.47
7/12/2012,16489.40,12709.13
7/13/2012,16488.39,12705.10
7/16/2012,16516.76,12729.36
7/17/2012,16543.67,12717.61
7/18/2012,16577.09,12741.73
7/19/2012,16546.71,12735.33
7/20/2012,16560.39,12760.08
7/23/2012,16514.13,12765.15
7/24/2012,16468.11,12777.52
7/25/2012,16455.55,12779.67
7/26/2012,16559.96,12775.57
7/27/2012,16583.01,12721.23
7/30/2012,16614.73,12756.04
7/31/2012,16657.75,12764.94
8/1/2012,16663.48,12744.37
8/2/2012,16616.02,12772.24
8/3/2012,16625.84,12728.94
8/6/2012,16617.85,12744.72
8/7/2012,16583.16,12712.12
8/8/2012,16618.47,12704.55
8/9/2012,16671.34,12702.95
8/10/2012,16684.04,12718.38
8/13/2012,16683.02,12717.54
8/14/2012,16653.39,12682.93
8/15/2012,16622.31,12642.21
8/16/2012,16662.42,12625.46
8/17/2012,16694.36,12637.90
8/20/2012,16703.44,12644.29
8/21/2012,16696.17,12651.45
8/22/2012,16711.27,12697.39
8/23/2012,16708.81,12719.28
8/24/2012,16735.92,12709.83
8/27/2012,16730.82,12727.06
8/28/2012,16713.69,12734.57
8/29/2012,16738.88,12724.15
8/30/2012,16741.23,12741.66
8/31/2012,16771.94,12773.28
9/4/2012,16775.97,12770.15
9/5/2012,16807.15,12765.36
9/6/2012,16821.28,12729.29
9/7/2012,16853.18,12739.37
9/10/2012,16851.19,12732.83
9/11/2012,16861.47,12731.86
9/12/2012,16855.88,12706.70
9/13/2012,16873.36,12723.24
9/14/2012,16872.33,12688.98
9/17/2012,16871.07,12706.28
9/18/2012,16867.88,12714.42
9/19/2012,16929.32,12730.54
9/20/2012,16925.17,12736.52
9/21/2012,16892.44,12746.31
9/24/2012,16884.93,12765.98
9/25/2012,16850.76,12779.67
9/26/2012,16899.45,12800.66
9/27/2012,16912.36,12788.29
9/28/2012,16909.89,12790.86
10/1/2012,16917.99,12799.76
10/2/2012,16951.07,12805.18
10/3/2012,16967.33,12804.69
10/4/2012,16998.96,12786.14
10/5/2012,16988.80,12763.20
10/8/2012,16957.28,12763.20
10/9/2012,16905.84,12773.97
10/10/2012,16928.10,12787.25
10/11/2012,16927.07,12800.94
10/12/2012,16930.13,12811.09
10/15/2012,16972.55,12811.64
10/16/2012,17016.17,12793.23
10/17/2012,17039.62,12763.69
10/18/2012,17021.07,12760.77
10/19/2012,16959.32,12787.53
10/22/2012,16893.49,12774.81
10/23/2012,16837.04,12782.45
10/24/2012,16827.86,12781.06
10/25/2012,16839.79,12754.10
10/26/2012,16868.52,12784.40
10/31/2012,16916.20,12816.02
11/1/2012,16937.25,12799.34
11/2/2012,16885.37,12796.01
11/5/2012,16813.81,12815.53
11/6/2012,16831.26,12783.36
11/7/2012,16739.57,12825.40
11/8/2012,16681.95,12841.46
11/9/2012,16653.35,12838.33
11/12/2012,16679.68,12838.33
11/13/2012,16678.90,12843.19
11/14/2012,16633.52,12839.44
11/15/2012,16583.35,12836.04
11/16/2012,16660.75,12839.79
11/19/2012,16711.05,12829.36
11/20/2012,16646.98,12812.27
11/21/2012,16603.05,12801.08
11/23/2012,16631.77,12801.01
11/26/2012,16646.82,12815.95
11/27/2012,16640.05,12824.92
11/28/2012,16616.51,12832.21
11/29/2012,16625.80,12830.89
11/30/2012,16648.04,12836.24
12/3/2012,16718.93,12831.73
12/4/2012,16707.37,12844.93
12/5/2012,16722.17,12850.77
12/6/2012,16776.04,12852.65
12/7/2012,16781.49,12834.16
12/10/2012,16774.00,12843.26
12/11/2012,16806.53,12832.56
12/12/2012,16828.75,12814.28
12/13/2012,16827.97,12805.39
12/14/2012,16813.53,12815.81
12/17/2012,16822.81,12791.77
12/18/2012,16813.41,12763.83
12/19/2012,16828.68,12784.19
12/20/2012,16834.12,12786.83
12/21/2012,16829.03,12806.57
12/24/2012,16852.68,12798.79
12/26/2012,16830.34,12806.36
12/27/2012,16797.23,12829.50
12/28/2012,16775.61,12830.82
12/31/2012,16821.77,12817.97
1/2/2013,16924.44,12790.24
1/3/2013,16898.03,12766.12
1/4/2013,16927.65,12762.30
1/7/2013,16893.59,12771.33
1/8/2013,16904.77,12782.45
1/9/2013,16897.76,12790.10
1/10/2013,16891.95,12773.56
1/11/2013,16875.37,12783.77
1/14/2013,16874.35,12791.00
1/15/2013,16967.63,12798.65
1/16/2013,16935.49,12798.51
1/17/2013,16940.69,12774.67
1/18/2013,16965.27,12788.57
1/22/2013,16983.63,12795.52
1/23/2013,16995.76,12794.96
1/24/2013,17016.03,12788.29
1/25/2013,17014.04,12739.92
1/28/2013,16992.20,12731.79
1/29/2013,16994.04,12725.12
1/30/2013,16977.22,12718.38
1/31/2013,16978.82,12728.32
2/1/2013,16991.19,12717.75
2/4/2013,16992.08,12737.77
2/5/2013,17020.47,12719.14
2/6/2013,17005.09,12740.13
2/7/2013,16982.06,12745.34
2/8/2013,16988.68,12739.92
2/11/2013,17000.81,12746.04
2/12/2013,16984.00,12728.73
2/13/2013,16983.21,12716.50
2/14/2013,16998.20,12738.32
2/15/2013,16970.63,12734.50
2/19/2013,17020.30,12727.41
2/20/2013,17014.49,12729.91
2/21/2013,17002.94,12745.20
2/22/2013,17072.19,12750.83
2/25/2013,17042.24,12783.77
2/26/2013,17052.20,12790.52
2/27/2013,17092.05,12782.52
2/28/2013,17100.58,12792.11
3/1/2013,17117.23,12802.54
3/4/2013,17145.59,12795.31
3/5/2013,17130.94,12789.89
3/6/2013,17103.85,12770.99
3/7/2013,17110.94,12745.69
3/8/2013,17106.33,12719.91
3/11/2013,17113.66,12723.03
3/12/2013,17150.61,12740.41
3/13/2013,17149.82,12742.56
3/14/2013,17205.17,12738.74
3/15/2013,17216.55,12753.96
3/18/2013,17252.06,12769.53
3/19/2013,17241.95,12790.79
3/20/2013,17254.28,12774.18
3/21/2013,17231.03,12776.34
3/22/2013,17262.71,12782.80
3/25/2013,17253.79,12785.09
3/26/2013,17282.13,12787.53
3/27/2013,17298.76,12807.12
3/28/2013,17319.45,12802.33
4/1/2013,17296.44,12814.42
4/2/2013,17303.27,12808.38
4/3/2013,17305.58,12834.02
4/4/2013,17307.88,12867.45
4/5/2013,17369.15,12904.28
4/8/2013,17365.71,12888.23
4/9/2013,17394.99,12883.57
4/10/2013,17436.43,12858.90
4/11/2013,17435.62,12867.45
4/12/2013,17441.74,12899.63
4/15/2013,17408.47,12910.54
4/16/2013,17429.38,12901.71
4/17/2013,17424.51,12908.24
4/18/2013,17430.62,12916.37
4/19/2013,17568.46,12908.80
4/22/2013,17493.91,12913.52
4/23/2013,17552.99,12914.36
4/24/2013,17578.66,12916.58
4/25/2013,17631.77,12911.16
4/26/2013,17557.94,12934.58
4/29/2013,17614.86,12935.07
4/30/2013,17572.77,12931.87
5/1/2013,17525.92,12949.59
5/2/2013,17617.18,12951.68
5/3/2013,17616.12,12897.54
5/6/2013,17639.63,12888.37
5/7/2013,17659.09,12884.89
5/8/2013,17670.19,12897.40
5/9/2013,17655.78,12889.13
5/10/2013,17674.04,12845.56
5/13/2013,17672.98,12837.29
5/14/2013,17650.22,12822.00
5/15/2013,17707.10,12824.78
5/16/2013,17724.64,12864.18
5/17/2013,17747.42,12819.15
5/20/2013,17739.20,12813.38
5/21/2013,17779.86,12826.24
5/22/2013,17683.68,12787.46
5/23/2013,17658.55,12784.26
5/24/2013,17652.96,12789.89
5/28/2013,17614.72,12724.77
5/29/2013,17599.36,12724.84
5/30/2013,17609.98,12722.96
5/31/2013,17553.64,12701.14
6/3/2013,17532.57,12706.98
6/4/2013,17523.18,12688.56
6/5/2013,17417.52,12693.08
6/6/2013,17440.54,12706.63
6/7/2013,17454.97,12667.51
6/10/2013,17407.71,12646.03
6/11/2013,17322.08,12647.00
6/12/2013,17236.71,12627.34
6/13/2013,17235.91,12659.03
6/14/2013,17248.45,12692.80
6/17/2013,17241.45,12676.33
6/18/2013,17226.60,12674.11
6/19/2013,17135.29,12598.01
6/20/2013,16959.93,12520.31
6/21/2013,16904.13,12462.70
6/24/2013,16800.94,12431.98
6/25/2013,16815.88,12410.23
6/26/2013,16985.83,12443.86
6/27/2013,17037.42,12491.19
6/28/2013,17048.54,12504.67
7/1/2013,17086.55,12512.39
7/2/2013,17004.34,12522.05
7/3/2013,16836.43,12501.06
7/5/2013,16712.34,12375.20
7/8/2013,16681.80,12428.16
7/9/2013,16752.68,12446.44
7/10/2013,16814.26,12417.25
7/11/2013,16973.42,12483.06
7/12/2013,16972.63,12470.76
7/15/2013,17050.38,12503.63
7/16/2013,17038.16,12518.99
7/17/2013,17061.41,12543.38
7/18/2013,17030.16,12523.85
7/19/2013,17087.19,12557.00
7/22/2013,17137.31,12566.25
7/23/2013,17138.42,12553.04
7/24/2013,17172.60,12514.54
7/25/2013,17174.18,12505.02
7/26/2013,17209.54,12533.45
7/29/2013,17188.52,12521.84
7/30/2013,17220.78,12513.92
7/31/2013,17210.23,12521.77
8/1/2013,17242.49,12454.08
8/2/2013,18141.41,12522.60
8/5/2013,17238.75,12507.94
8/6/2013,17116.91,12505.16
8/7/2013,17133.95,12525.59
8/8/2013,17161.21,12536.29
8/9/2013,17143.29,12540.74
8/12/2013,17146.30,12529.83
8/13/2013,17145.50,12471.52
8/14/2013,17113.56,12474.51
8/15/2013,17031.23,12441.99
8/16/2013,16990.02,12398.13
8/19/2013,16889.16,12364.08
8/20/2013,16942.10,12399.94
8/21/2013,16934.42,12375.55
8/22/2013,16975.46,12353.31
8/23/2013,17024.11,12403.00
8/26/2013,16991.47,12423.15
8/27/2013,16903.94,12466.10
8/28/2013,16845.89,12430.73
8/29/2013,16820.16,12453.94
8/30/2013,16762.82,12457.76
9/3/2013,16782.00,12407.93
9/4/2013,16790.49,12379.51
9/5/2013,16790.42,12321.48
9/6/2013,16851.41,12350.53
9/9/2013,16909.07,12387.50
9/10/2013,16890.94,12353.03
9/11/2013,16907.26,12378.95
9/12/2013,16912.41,12385.28
9/13/2013,16911.63,12390.00
9/16/2013,16941.24,12413.29
9/17/2013,16991.04,12426.21
9/18/2013,17078.36,12518.57
9/19/2013,17080.18,12502.73
9/20/2013,17061.81,12511.07
9/23/2013,17078.59,12524.97
9/24/2013,17097.98,12563.05
9/25/2013,17076.77,12583.62
9/26/2013,17101.85,12565.90
9/27/2013,17082.30,12578.27
9/30/2013,17091.01,12575.70
10/1/2013,17221.01,12562.70
10/2/2013,17209.53,12575.49
10/3/2013,17137.28,12586.61
10/4/2013,17166.87,12568.47
10/7/2013,17146.13,12577.23
10/8/2013,17087.91,12573.55
10/9/2013,17107.52,12569.03
10/10/2013,17243.65,12563.33
10/11/2013,17242.85,12570.49
10/14/2013,17283.81,12570.49
10/15/2013,17213.96,12554.99
10/16/2013,17294.54,12588.77
10/17/2013,17404.30,12638.87
10/18/2013,17408.23,12640.05
10/21/2013,17338.16,12629.98
10/22/2013,17401.64,12680.22
10/23/2013,17464.87,12693.91
10/24/2013,17491.81,12676.75
10/25/2013,17544.13,12688.01
10/28/2013,17523.15,12687.24
10/29/2013,17610.80,12687.73
10/30/2013,17619.00,12681.61
10/31/2013,17649.24,12677.37
11/1/2013,17662.89,12641.24
11/4/2013,17728.70,12653.68
11/5/2013,17660.30,12618.79
11/6/2013,17722.07,12630.74
11/7/2013,17678.57,12647.42
11/8/2013,17677.75,12575.98
11/11/2013,17705.85,12575.98
11/12/2013,17648.38,12566.80
11/13/2013,17647.56,12592.52
11/14/2013,17663.57,12623.24
11/15/2013,17718.68,12628.93
11/18/2013,17690.60,12655.20
11/19/2013,17674.38,12634.49
11/20/2013,17574.03,12601.21
11/21/2013,17610.89,12607.88
11/22/2013,17628.08,12621.57
11/25/2013,17609.02,12626.92
11/26/2013,17646.34,12648.05
11/27/2013,17686.51,12628.93
11/29/2013,17699.43,12629.91
12/2/2013,17653.13,12598.08
12/3/2013,17625.30,12608.22
12/4/2013,17583.26,12571.18
12/5/2013,17580.79,12564.44
12/6/2013,17690.35,12566.32
12/9/2013,17702.79,12583.90
12/10/2013,17697.24,12619.76
12/11/2013,17614.71,12592.80
12/12/2013,17613.89,12574.73
12/13/2013,17584.66,12584.04
12/16/2013,17627.65,12584.18
12/17/2013,17595.34,12607.81
12/18/2013,17660.10,12590.09
12/19/2013,17682.25,12573.61
12/20/2013,17750.80,12597.17
12/23/2013,17770.33,12584.25
12/24/2013,17737.79,12551.17
12/26/2013,17712.58,12549.01
12/27/2013,17729.27,12547.14
12/30/2013,17773.90,12571.46
12/31/2013,17783.01,12558.53
1/2/2014,17770.83,12568.12
1/3/2014,17755.09,12564.93
1/6/2014,17798.05,12587.44
1/7/2014,17870.58,12602.46
1/8/2014,17845.62,12567.71
1/9/2014,17867.27,12582.51
1/10/2014,17926.30,12648.53
1/13/2014,17869.16,12672.58
1/14/2014,17868.33,12640.89
1/15/2014,17864.66,12633.59
1/16/2014,17871.40,12656.80
1/17/2014,17871.51,12667.44
1/21/2014,17931.48,12673.00
1/22/2014,17924.73,12648.39
1/23/2014,17892.91,12692.87
1/24/2014,17849.04,12707.81
1/27/2014,17774.19,12690.02
1/28/2014,17832.72,12703.71
1/29/2014,17815.57,12740.82
1/30/2014,17918.55,12730.05
1/31/2014,17911.10,12744.09
2/3/2014,17805.53,12791.21
2/4/2014,17827.16,12768.28
2/5/2014,17801.27,12745.20
2/6/2014,17817.23,12735.13
2/7/2014,17846.19,12761.05
2/10/2014,17914.39,12763.27
2/11/2014,17963.19,12742.56
2/12/2014,18021.45,12717.54
2/13/2014,18020.38,12749.72
2/14/2014,17990.71,12740.69
2/18/2014,18022.72,12763.41
2/19/2014,17974.62,12749.51
2/20/2014,18021.29,12735.89
2/21/2014,18091.10,12750.28
2/24/2014,18104.91,12745.97
2/25/2014,18134.08,12779.19
2/26/2014,18149.07,12797.05
2/27/2014,18209.65,12817.69
2/28/2014,18223.22,12811.85
3/3/2014,18218.83,12836.59
3/4/2014,18219.40,12792.81
3/5/2014,18238.16,12791.70
3/6/2014,18226.92,12769.87
3/7/2014,18234.58,12738.46
3/10/2014,18230.90,12744.02
3/11/2014,18240.21,12751.25
3/12/2014,18294.86,12771.19
3/13/2014,18294.01,12812.68
3/14/2014,18291.03,12810.46
3/17/2014,18349.21,12783.08
3/18/2014,18392.75,12796.28
3/19/2014,18317.29,12741.87
3/20/2014,18287.40,12737.63
3/21/2014,18302.84,12759.94
3/24/2014,18264.93,12768.21
3/25/2014,18303.03,12772.17
3/26/2014,18261.58,12797.46
3/27/2014,18259.08,12813.03
3/28/2014,18306.38,12793.23
3/31/2014,18374.45,12790.03
4/1/2014,18350.94,12776.27
4/2/2014,18364.72,12750.69
4/3/2014,18342.15,12763.48
4/4/2014,18306.61,12806.08
4/7/2014,18265.18,12829.78
4/8/2014,18308.93,12838.33
4/9/2014,18340.40,12843.75
4/10/2014,18271.13,12884.75
4/11/2014,18270.04,12889.97
4/14/2014,18306.47,12878.22
4/15/2014,18335.34,12882.81
4/16/2014,18360.91,12877.18
4/17/2014,18307.22,12836.52
4/21/2014,18306.37,12836.31
4/22/2014,18363.07,12839.30
4/23/2014,18404.43,12866.13
4/24/2014,18355.70,12868.84
4/25/2014,18315.00,12882.53
4/28/2014,18359.66,12878.64
4/29/2014,18408.33,12866.68
4/30/2014,18457.46,12897.96
5/1/2014,18500.93,12926.94
5/2/2014,18508.55,12933.82
5/5/2014,18552.49,12924.16
5/6/2014,18519.80,12937.43
5/7/2014,18573.87,12946.67
5/8/2014,18523.27,12953.83
5/9/2014,18500.96,12937.36
5/12/2014,18545.82,12922.14
5/13/2014,18544.96,12943.96
5/14/2014,18594.54,12991.22
5/15/2014,18597.68,13008.25
5/16/2014,18620.62,12996.09
5/19/2014,18587.94,12988.93
5/20/2014,18594.85,13007.48
5/21/2014,18591.64,12993.31
5/22/2014,18608.91,12983.37
5/23/2014,18657.06,12996.64
5/27/2014,18693.88,13012.84
5/28/2014,18726.70,13060.79
5/29/2014,18724.89,13049.04
5/30/2014,18753.47,13044.80
6/2/2014,18763.67,13003.18
6/3/2014,18713.33,12971.00
6/4/2014,18740.96,12966.97
6/5/2014,18781.54,12983.51
6/6/2014,18795.27,12977.81
6/9/2014,18830.43,12970.23
6/10/2014,18831.67,12956.47
6/11/2014,18832.45,12957.24
6/12/2014,18831.57,12989.90
6/13/2014,18810.92,12978.23
6/16/2014,18807.46,12985.66
6/17/2014,18799.05,12951.75
6/18/2014,18867.63,12974.89
6/19/2014,18898.29,12979.83
6/20/2014,18890.36,12982.95
6/23/2014,18888.07,12986.29
6/24/2014,18900.84,13004.84
6/25/2014,18911.03,13021.87
6/26/2014,18933.68,13043.48
6/27/2014,18948.57,13038.76
6/30/2014,18956.87,13051.55
7/1/2014,19000.70,13022.57
7/2/2014,18965.70,12985.38
7/3/2014,18986.23,12970.30
7/7/2014,18959.00,12987.68
7/8/2014,18950.82,13014.99
7/9/2014,19001.70,13026.74
7/10/2014,19015.17,13033.96
7/11/2014,19052.39,13044.60
7/14/2014,19051.27,13026.94
7/15/2014,19067.56,13022.64
7/16/2014,19062.44,13024.79
7/17/2014,19044.62,13058.77
7/18/2014,19074.55,13053.28
7/21/2014,19062.14,13057.94
7/22/2014,19109.70,13068.85
7/23/2014,19111.40,13068.43
7/24/2014,19125.32,13039.94
7/25/2014,19123.96,13065.03
7/28/2014,19115.55,13055.02
7/29/2014,19128.77,13072.81
7/30/2014,19052.65,13020.48
7/31/2014,19004.52,13018.81
8/1/2014,19002.46,13049.81
8/4/2014,19053.29,13058.36
8/5/2014,19022.55,13060.58
8/6/2014,19005.22,13059.82
8/7/2014,19025.25,13087.13
8/8/2014,19047.64,13085.88
8/11/2014,19094.46,13084.84
8/12/2014,19064.90,13074.97
8/13/2014,19064.02,13096.51
8/14/2014,19103.08,13115.76
8/15/2014,19142.84,13144.19
8/18/2014,19129.97,13117.43
8/19/2014,19140.83,13106.87
8/20/2014,19146.05,13094.98
8/21/2014,19196.84,13111.80
8/22/2014,19209.11,13115.07
8/25/2014,19216.44,13123.68
8/26/2014,19271.68,13124.24
8/27/2014,19319.41,13145.16
8/28/2014,19363.37,13161.91
8/29/2014,19398.88,13162.53
9/2/2014,19366.27,13121.67
9/3/2014,19375.94,13129.59
9/4/2014,19353.44,13107.07
9/5/2014,19368.97,13101.44
9/8/2014,19375.12,13100.68
9/9/2014,19362.95,13080.53
9/10/2014,19351.72,13057.80
9/11/2014,19367.02,13061.69
9/12/2014,19365.89,13017.08
9/15/2014,19334.94,13029.10
9/16/2014,19351.18,13030.56
9/17/2014,19342.77,13021.11
9/18/2014,19364.87,13012.84
9/19/2014,19375.47,13039.31
9/22/2014,19292.20,13055.16
9/23/2014,19286.14,13073.02
9/24/2014,19277.50,13053.07
9/25/2014,19201.04,13084.70
9/26/2014,19197.57,13068.23
9/29/2014,19228.12,13084.49
9/30/2014,19243.42,13073.16
10/1/2014,19261.76,13138.00
10/2/2014,19267.67,13122.02
10/3/2014,19280.15,13121.60
10/6/2014,19270.81,13141.82
10/7/2014,19255.37,13182.27
10/8/2014,19288.72,13199.78
10/9/2014,19233.18,13198.39
10/10/2014,19181.15,13204.09
10/13/2014,19180.03,13204.09
10/14/2014,19149.59,13259.41
10/15/2014,19125.25,13321.68
10/16/2014,19167.04,13276.72
10/17/2014,19246.58,13263.58
10/20/2014,19256.70,13277.97
10/21/2014,19419.00,13269.35
10/22/2014,19322.20,13257.47
10/23/2014,19274.42,13229.04
10/24/2014,19271.88,13229.74
10/27/2014,19281.30,13242.18
10/28/2014,19291.19,13228.42
10/29/2014,19263.57,13205.48
10/30/2014,19301.82,13216.05
10/31/2014,19371.00,13201.66
11/3/2014,19463.38,13192.49
11/4/2014,19425.45,13194.15
11/5/2014,19460.17,13190.89
11/6/2014,19493.25,13176.92
11/7/2014,19532.64,13211.81
11/10/2014,19576.26,13185.54
11/11/2014,19533.64,13185.54
11/12/2014,19555.23,13190.47
11/13/2014,19554.32,13196.66
11/14/2014,19557.16,13210.14
11/17/2014,19557.89,13202.84
11/18/2014,19578.53,13206.39
11/19/2014,19551.16,13189.08
11/20/2014,19592.18,13202.70
11/21/2014,19594.31,13222.30
11/24/2014,19586.84,13233.00
11/25/2014,19613.57,13261.91
11/26/2014,19670.97,13273.94
11/28/2014,19661.86,13295.34
12/1/2014,19595.62,13280.40
12/2/2014,19652.78,13240.23
12/3/2014,19605.97,13239.88
12/4/2014,19641.12,13257.88
12/5/2014,19633.42,13224.73
12/8/2014,19630.40,13253.37
12/9/2014,19672.79,13266.78
12/10/2014,19623.89,13291.03
12/11/2014,19622.98,13281.72
12/12/2014,19539.68,13320.15
12/15/2014,19478.62,13300.07
12/16/2014,19491.29,13314.94
12/17/2014,19551.70,13282.83
12/18/2014,19619.60,13266.43
12/19/2014,19658.47,13283.81
12/22/2014,19669.02,13295.48
12/23/2014,19631.61,13244.75
12/24/2014,19661.11,13248.78
12/26/2014,19647.10,13259.13
12/29/2014,19622.09,13285.75
12/30/2014,19579.53,13297.15
12/31/2014,19607.40,13307.78
1/2/2015,19699.59,13338.64
1/5/2015,19687.68,13380.96
1/6/2015,19697.29,13423.49
1/7/2015,19701.06,13426.20
1/8/2015,19775.45,13397.64
1/9/2015,19764.94,13423.63
1/12/2015,19756.78,13455.60
1/13/2015,19733.64,13466.23
1/14/2015,19732.49,13489.93
1/15/2015,19770.86,13523.64
1/16/2015,19733.93,13487.92
1/20/2015,19736.53,13497.65
1/21/2015,19780.26,13474.09
1/22/2015,19878.47,13462.48
1/23/2015,19882.69,13507.38
1/26/2015,19877.32,13499.04
1/27/2015,19845.55,13503.97
1/28/2015,19852.57,13559.36
1/29/2015,19858.43,13541.57
1/30/2015,19848.86,13586.81
2/2/2015,19901.46,13590.50
2/3/2015,19906.14,13533.44
2/4/2015,19951.02,13527.32
2/5/2015,19988.88,13520.23
2/6/2015,19889.58,13450.32
2/9/2015,19819.73,13449.21
2/10/2015,19842.18,13425.02
2/11/2015,19855.27,13426.83
2/12/2015,19854.35,13436.35
2/13/2015,19871.65,13418.77
2/17/2015,19872.13,13352.54
2/18/2015,19877.28,13401.05
2/19/2015,19856.74,13381.24
2/20/2015,19800.93,13371.86
2/23/2015,19817.52,13415.29
2/24/2015,19881.53,13462.27
2/25/2015,19895.55,13471.79
2/26/2015,19917.51,13444.76
2/27/2015,19933.87,13459.08
3/2/2015,19879.70,13412.31
3/3/2015,19905.63,13391.87
3/4/2015,19873.19,13395.56
3/5/2015,19917.79,13406.33
3/6/2015,19825.59,13327.59
3/9/2015,19884.66,13354.48
3/10/2015,19880.24,13389.23
3/11/2015,19863.67,13399.66
3/12/2015,19862.75,13409.18
3/13/2015,19838.72,13399.03
3/16/2015,19850.64,13404.45
3/17/2015,19839.45,13421.69
3/18/2015,19936.31,13491.46
3/19/2015,19831.77,13477.01
3/20/2015,19910.89,13505.29
3/23/2015,19874.96,13515.37
3/24/2015,19866.34,13538.79
3/25/2015,19846.52,13514.74
3/26/2015,19777.71,13463.18
3/27/2015,19863.11,13505.99
3/30/2015,19913.97,13500.64
3/31/2015,20002.16,13521.55
4/1/2015,19960.64,13562.77
4/2/2015,20030.16,13540.25
4/6/2015,20060.02,13546.64
4/7/2015,20062.58,13557.62
4/8/2015,19973.26,13561.93
4/9/2015,19937.59,13524.61
4/10/2015,19967.68,13527.25
4/13/2015,20014.79,13541.22
4/14/2015,20013.62,13562.07
4/15/2015,20065.62,13563.53
4/16/2015,20057.70,13573.33
4/17/2015,20032.28,13586.33
4/20/2015,20072.15,13559.71
4/21/2015,20081.25,13554.43
4/22/2015,20061.20,13519.68
4/23/2015,20096.86,13535.59
4/24/2015,20114.58,13553.80
4/27/2015,20121.33,13551.37
4/28/2015,20135.08,13517.94
4/29/2015,20091.03,13481.18
4/30/2015,20028.34,13473.05
5/1/2015,20052.35,13429.19
5/4/2015,20046.76,13416.41
5/5/2015,19986.18,13392.85
5/6/2015,19920.94,13357.26
5/7/2015,20015.54,13390.34
5/8/2015,20059.58,13417.52
5/11/2015,19965.92,13342.95
5/12/2015,19917.24,13350.24
5/13/2015,19916.31,13339.89
5/14/2015,19967.80,13364.28
5/15/2015,19995.76,13422.17
5/18/2015,19908.88,13373.04
5/19/2015,19832.26,13349.34
5/20/2015,19872.10,13352.75
5/21/2015,19975.28,13387.36
5/22/2015,19898.66,13358.38
5/26/2015,19892.62,13412.24
5/27/2015,19917.31,13414.46
5/28/2015,19973.66,13419.12
5/29/2015,19998.11,13440.59
6/1/2015,19980.65,13376.79
6/2/2015,19915.70,13333.98
6/3/2015,19869.15,13278.59
6/4/2015,19925.49,13317.58
6/5/2015,19875.22,13258.65
6/8/2015,19838.22,13276.79
6/9/2015,19865.00,13249.06
6/10/2015,19861.98,13210.49
6/11/2015,19860.82,13270.04
6/12/2015,19830.58,13264.90
6/15/2015,19780.56,13274.70
6/16/2015,19778.48,13294.92
6/17/2015,19775.93,13304.31
6/18/2015,19767.10,13283.18
6/19/2015,19733.84,13331.55
6/22/2015,19697.10,13275.88
6/23/2015,19711.77,13248.64
6/24/2015,19758.78,13275.05
6/25/2015,19700.87,13263.09
6/26/2015,19668.32,13211.18
6/29/2015,19654.84,13289.50
6/30/2015,19665.09,13294.02
7/1/2015,19696.51,13243.15
7/2/2015,19740.25,13265.87
7/6/2015,19724.45,13334.05
7/7/2015,19738.18,13359.70
7/8/2015,19675.64,13378.25
7/9/2015,19658.69,13319.04
7/10/2015,19646.15,13251.63
7/13/2015,19663.60,13250.38
7/14/2015,19662.69,13270.32
7/15/2015,19701.07,13300.41
7/16/2015,19716.43,13299.37
7/17/2015,19741.55,13306.88
7/20/2015,19759.69,13289.50
7/21/2015,19702.52,13309.80
7/22/2015,19653.03,13320.57
7/23/2015,19666.30,13344.20
7/24/2015,19676.31,13343.43
7/27/2015,19692.59,13363.59
7/28/2015,19765.81,13355.25
7/29/2015,19836.23,13341.63
7/30/2015,19863.89,13350.11
7/31/2015,19881.09,13386.45
8/3/2015,19875.98,13418.35
8/4/2015,19823.02,13377.49
8/5/2015,19817.68,13344.13
8/6/2015,19751.95,13364.28
8/7/2015,19733.14,13394.51
8/10/2015,19798.66,13359.97
8/11/2015,19793.10,13419.32
8/12/2015,19813.78,13416.96
8/13/2015,19812.86,13381.03
8/14/2015,19812.87,13375.68
8/17/2015,19811.02,13403.97
8/18/2015,19784.79,13377.77
8/19/2015,19743.46,13419.60
8/20/2015,19686.35,13438.85
8/21/2015,19622.05,13454.07
8/24/2015,19441.43,13474.30
8/25/2015,19400.13,13392.36
8/26/2015,19448.68,13371.02
8/27/2015,19519.28,13386.31
8/28/2015,19597.53,13375.26
8/31/2015,19520.49,13367.20
9/1/2015,19476.87,13379.09
9/2/2015,19423.74,13364.91
9/3/2015,19323.74,13387.08
9/4/2015,19160.38,13411.96
9/8/2015,19148.12,13376.31
9/9/2015,19243.07,13396.04
9/10/2015,19344.51,13373.18
9/11/2015,19369.60,13396.32
9/14/2015,19368.47,13397.64
9/15/2015,19263.40,13331.13
9/16/2015,19347.65,13324.04
9/17/2015,19396.40,13389.44
9/18/2015,19411.51,13442.54
9/21/2015,19466.74,13387.98
9/22/2015,19409.47,13439.13
9/23/2015,19403.23,13429.05
9/24/2015,19421.82,13439.20
9/25/2015,19395.87,13410.08
9/28/2015,19329.80,13445.73
9/29/2015,19316.38,13459.56
9/30/2015,19432.59,13457.62
10/1/2015,19407.57,13466.23
10/2/2015,19465.80,13501.61
10/5/2015,19478.57,13469.92
10/6/2015,19484.86,13489.93
10/7/2015,19520.82,13484.72
10/8/2015,19496.03,13456.37
10/9/2015,19415.15,13464.98
10/12/2015,19439.74,13464.98
10/13/2015,19438.84,13490.84
10/14/2015,19466.68,13539.35
10/15/2015,19581.21,13513.21
10/16/2015,19631.98,13515.37
10/19/2015,19637.79,13514.67
10/20/2015,19648.70,13489.17
10/21/2015,19666.09,13518.36
10/22/2015,19708.98,13531.98
10/23/2015,19706.44,13503.07
10/26/2015,19686.06,13523.01
10/27/2015,19710.17,13539.48
10/28/2015,19728.02,13497.37
10/29/2015,19703.94,13444.83
10/30/2015,19736.38,13459.91
11/2/2015,19732.69,13445.11
11/3/2015,19716.71,13424.95
11/4/2015,19790.15,13415.02
11/5/2015,19842.74,13408.27
11/6/2015,19733.65,13352.40
11/9/2015,19714.91,13345.94
11/10/2015,19760.31,13359.77
11/11/2015,19730.21,13359.77
11/12/2015,19729.06,13354.97
11/13/2015,19751.54,13377.77
11/16/2015,19782.34,13381.73
11/17/2015,19770.08,13393.82
11/18/2015,19780.27,13392.08
11/19/2015,19748.33,13409.73
11/20/2015,19692.08,13397.92
11/23/2015,19713.86,13403.69
11/24/2015,19713.40,13407.09
11/25/2015,19675.92,13412.51
11/27/2015,19643.52,13416.75
11/30/2015,19698.85,13424.33
12/1/2015,19754.87,13468.39
12/2/2015,19775.02,13458.80
12/3/2015,19687.78,13361.22
12/4/2015,19780.35,13400.07
12/7/2015,19747.73,13435.31
12/8/2015,19746.59,13417.10
12/9/2015,19718.83,13433.92
12/10/2015,19717.22,13411.05
12/11/2015,19716.30,13463.66
12/14/2015,19726.73,13399.66
12/15/2015,19718.87,13377.00
12/16/2015,19636.76,13363.59
12/17/2015,19751.50,13396.88
12/18/2015,19703.86,13416.13
12/21/2015,19721.91,13413.76
12/22/2015,19688.85,13385.97
12/23/2015,19732.34,13371.58
12/24/2015,19695.35,13385.27
12/28/2015,19685.42,13400.63
12/29/2015,19709.01,13349.48
12/30/2015,19745.79,13356.71
12/31/2015,19709.73,13380.96
1/4/2016,19634.83,13396.81
1/5/2016,19689.86,13394.31
1/6/2016,19698.43,13441.98
1/7/2016,19625.39,13452.27
1/8/2016,19633.26,13466.65
1/11/2016,19588.89,13453.79
1/12/2016,19645.07,13490.14
1/13/2016,19532.30,13504.94
1/14/2016,19531.16,13476.80
1/15/2016,19398.75,13511.34
1/19/2016,19378.67,13506.82
1/20/2016,19330.63,13524.06
1/21/2016,19240.08,13502.58
1/22/2016,19287.71,13495.49
1/25/2016,19242.45,13506.68
1/26/2016,19329.81,13521.14
1/27/2016,19206.47,13518.71
1/28/2016,19308.61,13528.85
1/29/2016,19389.26,13565.06
2/1/2016,19395.06,13534.13
2/2/2016,19369.91,13594.11
2/3/2016,19376.86,13581.60
2/4/2016,19463.04,13592.23
2/5/2016,19315.01,13597.65
2/8/2016,19309.27,13654.64
2/9/2016,19226.39,13647.83
2/10/2016,19302.39,13664.37
2/11/2016,19301.27,13682.02
2/12/2016,19308.45,13619.55
2/16/2016,19297.63,13612.46
2/17/2016,19347.29,13591.05
2/18/2016,19415.66,13635.11
2/19/2016,19300.02,13639.56
2/22/2016,19321.05,13636.85
2/23/2016,19308.38,13653.25
2/24/2016,19355.50,13653.32
2/25/2016,19383.22,13683.76
2/26/2016,19347.24,13642.27
2/29/2016,19417.66,13661.31
3/1/2016,19494.76,13610.51
3/2/2016,19508.39,13614.61
3/3/2016,19542.56,13636.43
3/4/2016,19615.96,13612.73
3/7/2016,19578.82,13611.28
3/8/2016,19616.21,13654.15
3/9/2016,19689.13,13623.78
3/10/2016,19658.23,13614.33
3/11/2016,19657.08,13602.31
3/14/2016,19747.98,13624.34
3/15/2016,19748.68,13625.04
3/16/2016,19801.05,13650.05
3/17/2016,19827.81,13681.95
3/18/2016,19825.96,13706.42
3/21/2016,19809.59,13677.64
3/22/2016,19808.67,13675.84
3/23/2016,19816.98,13719.62
3/24/2016,19869.79,13701.07
3/28/2016,19874.86,13716.98
3/29/2016,19926.28,13758.54
3/30/2016,19999.60,13753.47
3/31/2016,20054.23,13786.62
4/1/2016,20064.37,13780.85
4/4/2016,20054.91,13792.87
4/5/2016,20043.60,13826.02
4/6/2016,20047.05,13809.55
4/7/2016,20054.42,13852.22
4/8/2016,20058.33,13832.69
4/11/2016,20150.28,13839.50
4/12/2016,20165.25,13811.08
4/13/2016,20164.08,13829.08
4/14/2016,20190.57,13821.57
4/15/2016,20197.93,13843.60
4/18/2016,20188.46,13833.46
4/19/2016,20268.63,13834.22
4/20/2016,20232.90,13797.18
4/21/2016,20196.02,13791.62
4/22/2016,20193.47,13784.53
4/25/2016,20192.76,13777.10
4/26/2016,20237.21,13762.78
4/27/2016,20258.84,13804.34
4/28/2016,20265.27,13821.02
4/29/2016,20278.84,13839.57
5/2/2016,20297.94,13809.62
5/3/2016,20275.35,13849.09
5/4/2016,20248.15,13854.51
5/5/2016,20219.81,13878.91
5/6/2016,20203.90,13862.72
5/9/2016,20197.44,13874.95
5/10/2016,20244.62,13877.73
5/11/2016,20221.81,13893.50
5/12/2016,20220.64,13870.85
5/13/2016,20234.20,13901.56
5/16/2016,20245.24,13871.40
5/17/2016,20204.01,13867.37
5/18/2016,20146.21,13788.28
5/19/2016,20162.08,13817.68
5/20/2016,20199.36,13814.97
5/23/2016,20256.19,13818.45
5/24/2016,20239.60,13809.76
5/25/2016,20238.66,13804.96
5/26/2016,20248.76,13843.05
5/27/2016,20284.87,13836.10
5/31/2016,20242.51,13843.12
6/1/2016,20222.47,13835.89
6/2/2016,20227.06,13858.96
6/3/2016,20333.10,13928.25
6/6/2016,20325.49,13918.52
6/7/2016,20407.37,13929.71
6/8/2016,20453.35,13940.00
6/9/2016,20477.01,13960.64
6/10/2016,20458.81,13980.65
6/13/2016,20457.40,13991.77
6/14/2016,20452.08,13985.93
6/15/2016,20490.46,14000.25
6/16/2016,20541.48,14018.67
6/17/2016,20532.25,13987.67
6/20/2016,20556.36,13969.81
6/21/2016,20580.24,13955.77
6/22/2016,20581.59,13962.65
6/23/2016,20574.42,13936.73
6/24/2016,20495.99,14014.84
6/27/2016,20456.87,14090.18
6/28/2016,20559.83,14093.38
6/29/2016,20627.15,14093.86
6/30/2016,20648.49,14091.85
7/1/2016,20658.57,14121.52
7/5/2016,20677.61,14190.60
7/6/2016,20680.32,14176.22
7/7/2016,20707.63,14185.60
7/8/2016,20653.12,14205.61
7/11/2016,20628.03,14176.91
7/12/2016,20706.36,14137.02
7/13/2016,20782.15,14169.75
7/14/2016,20780.95,14132.23
7/15/2016,20752.41,14095.39
7/18/2016,20764.09,14101.79
7/19/2016,20821.94,14119.44
7/20/2016,20826.49,14105.61
7/21/2016,20911.44,14114.64
7/22/2016,20924.02,14113.74
7/25/2016,20900.08,14108.46
7/26/2016,20902.09,14109.15
7/27/2016,20936.26,14141.68
7/28/2016,20899.69,14143.41
7/29/2016,20960.73,14180.94
8/1/2016,20932.20,14151.48
8/2/2016,20925.03,14121.59
8/3/2016,20925.89,14120.20
8/4/2016,20970.85,14154.39
8/5/2016,20942.55,14107.41
8/8/2016,20961.55,14115.13
8/9/2016,21025.32,14146.40
8/10/2016,21045.01,14174.20
8/11/2016,21043.80,14127.64
8/12/2016,21057.06,14166.00
8/15/2016,20991.58,14144.60
8/16/2016,20987.85,14131.95
8/17/2016,21035.53,14147.58
8/18/2016,21063.24,14168.29
8/19/2016,21033.81,14140.43
8/22/2016,21074.60,14171.07
8/23/2016,21091.98,14171.77
8/24/2016,21065.30,14169.75
8/25/2016,21083.60,14156.62
8/26/2016,21052.33,14119.44
8/29/2016,21066.95,14169.68
8/30/2016,21076.76,14163.50
8/31/2016,21076.24,14164.75
9/1/2016,21061.73,14161.76
9/2/2016,21092.86,14143.62
9/6/2016,21139.37,14184.97
9/7/2016,21116.82,14187.13
9/8/2016,21081.67,14132.36
9/9/2016,20923.12,14089.69
9/12/2016,21003.57,14091.29
9/13/2016,20896.87,14049.87
9/14/2016,20895.67,14078.92
9/15/2016,20945.61,14074.96
9/16/2016,20941.88,14074.33
9/19/2016,21000.99,14079.20
9/20/2016,21007.58,14086.70
9/21/2016,21030.22,14102.62
9/22/2016,20938.68,14136.12
9/23/2016,20998.92,14148.07
9/26/2016,20914.73,14163.64
9/27/2016,20945.85,14185.25
9/28/2016,21024.88,14180.39
9/29/2016,20967.97,14189.70
9/30/2016,20972.04,14156.41
10/3/2016,20956.63,14149.67
10/4/2016,20975.60,14109.99
10/5/2016,21016.33,14093.10
10/6/2016,20984.65,14081.35
10/7/2016,20969.47,14084.13
10/10/2016,21037.69,14084.13
10/11/2016,20994.78,14071.14
10/12/2016,20966.78,14063.35
10/13/2016,20965.57,14093.58
10/14/2016,20932.99,14061.27
10/17/2016,20902.92,14083.51
10/18/2016,20950.51,14097.82
10/19/2016,20950.23,14100.88
10/20/2016,20946.73,14104.77
10/21/2016,20966.37,14107.07
10/24/2016,20916.62,14094.28
10/25/2016,20910.38,14096.57
10/26/2016,20879.64,14073.22
10/27/2016,20823.48,14038.47
10/28/2016,20800.31,14036.81
10/31/2016,20836.89,14048.13
11/1/2016,20808.91,14056.20
11/2/2016,20758.49,14062.45
11/3/2016,20738.98,14054.18
11/4/2016,20753.36,14070.65
11/7/2016,20813.74,14052.09
11/8/2016,20772.26,14030.41
11/9/2016,20678.82,13893.36
11/10/2016,20567.31,13862.30
11/11/2016,20566.13,13862.30
11/14/2016,20485.53,13782.03
11/15/2016,20576.34,13783.98
11/16/2016,20547.70,13800.24
11/17/2016,20545.14,13765.56
11/18/2016,20579.20,13720.25
11/21/2016,20628.12,13718.58
11/22/2016,20604.06,13729.07
11/23/2016,20501.75,13700.58
11/25/2016,20487.53,13693.14
11/28/2016,20447.00,13733.31
11/29/2016,20500.72,13752.28
11/30/2016,20494.28,13715.87
12/1/2016,20426.08,13663.19
12/2/2016,20423.76,13703.71
12/5/2016,20488.91,13707.39
12/6/2016,20517.69,13703.43
12/7/2016,20575.28,13740.82
12/8/2016,20579.82,13717.33
12/9/2016,20576.80,13667.64
12/12/2016,20584.99,13668.54
12/13/2016,20583.81,13671.67
12/14/2016,20400.40,13641.09
12/15/2016,20448.84,13597.72
12/16/2016,20481.49,13583.82
12/19/2016,20543.18,13627.61
12/20/2016,20632.98,13615.86
12/21/2016,20632.02,13638.45
12/22/2016,20630.61,13637.27
12/23/2016,20644.28,13645.19
12/27/2016,20689.03,13632.05
12/28/2016,20608.31,13674.52
12/29/2016,20614.89,13701.27
12/30/2016,20602.51,13735.19
1/3/2017,20667.36,13731.30
1/4/2017,20727.19,13730.67
1/5/2017,20766.21,13796.90
1/6/2017,20763.19,13759.10
1/9/2017,20744.41,13789.05
1/10/2017,20742.07,13787.03
1/11/2017,20759.84,13796.76
1/12/2017,20780.81,13802.25
1/13/2017,20779.61,13786.13
1/17/2017,20847.63,13828.45
1/18/2017,20851.92,13780.43
1/19/2017,20859.63,13734.84
1/20/2017,20873.28,13738.66
1/23/2017,20903.37,13790.09
1/24/2017,20952.18,13741.37
1/25/2017,20996.65,13705.37
1/26/2017,21001.38,13722.26
1/27/2017,21003.38,13743.74
1/30/2017,20973.18,13743.46
1/31/2017,20961.93,13762.15
2/1/2017,20925.34,13744.99
2/2/2017,20974.59,13752.63
2/3/2017,21026.58,13738.52
2/6/2017,21053.45,13795.58
2/7/2017,21056.81,13811.36
2/8/2017,21089.39,13843.74
2/9/2017,21093.88,13806.28
2/10/2017,21083.32,13798.85
2/13/2017,21081.43,13787.94
2/14/2017,21080.91,13764.10
2/15/2017,21085.40,13738.39
2/16/2017,21113.40,13777.16
2/17/2017,21153.50,13795.58
2/21/2017,21203.62,13794.12
2/22/2017,21230.02,13802.95
2/23/2017,21242.72,13828.11
2/24/2017,21269.11,13881.13
2/27/2017,21269.49,13847.91
2/28/2017,21265.08,13854.65
3/1/2017,21297.62,13777.23
3/2/2017,21277.70,13758.61
3/3/2017,21279.22,13763.06
3/6/2017,21301.04,13766.74
3/7/2017,21257.64,13749.85
3/8/2017,21199.64,13714.96
3/9/2017,21195.46,13674.31
3/10/2017,21193.56,13686.54
3/13/2017,21191.90,13668.05
3/14/2017,21187.72,13674.24
3/15/2017,21254.68,13748.11
3/16/2017,21247.99,13740.12
3/17/2017,21243.36,13755.62
3/20/2017,21214.56,13779.32
3/21/2017,21146.56,13808.99
3/22/2017,21143.52,13837.21
3/23/2017,21171.95,13823.59
3/24/2017,21176.66,13838.11
3/27/2017,21167.47,13856.81
3/28/2017,21274.97,13827.90
3/29/2017,21302.01,13849.51
3/30/2017,21321.30,13830.12
3/31/2017,21351.76,13847.36
4/3/2017,21334.59,13883.91
4/4/2017,21369.37,13883.29
4/5/2017,21341.72,13881.41
4/6/2017,21375.82,13891.49
4/7/2017,21380.75,13869.80
4/10/2017,21412.33,13880.99
4/11/2017,21436.39,13930.68
4/12/2017,21433.80,13931.93
4/13/2017,21432.58,13975.72
4/17/2017,21491.72,13965.15
4/18/2017,21512.35,14014.98
4/19/2017,21481.75,14000.04
4/20/2017,21505.57,13970.09
4/21/2017,21485.67,13976.13
4/24/2017,21540.47,13953.97
4/25/2017,21567.25,13914.28
4/26/2017,21570.11,13927.76
4/27/2017,21572.30,13941.94
4/28/2017,21601.81,13954.24
5/1/2017,21634.04,13923.87
5/2/2017,21619.61,13949.73
5/3/2017,21619.28,13945.56
5/4/2017,21574.35,13915.39
5/5/2017,21655.29,13922.07
5/8/2017,21636.53,13910.04
5/9/2017,21613.45,13891.63
5/10/2017,21665.70,13891.70
5/11/2017,21664.47,13898.85
5/12/2017,21693.50,13949.66
5/15/2017,21727.08,13951.32
5/16/2017,21713.78,13961.33
5/17/2017,21684.56,14039.24
5/18/2017,21698.80,14021.17
5/19/2017,21721.00,14016.17
5/22/2017,21752.29,14015.47
5/23/2017,21762.66,13992.81
5/24/2017,21780.30,14007.34
5/25/2017,21816.14,14018.53
5/26/2017,21834.69,14020.27
5/30/2017,21840.04,14047.30
5/31/2017,21791.04,14061.62
6/1/2017,21846.43,14049.18
6/2/2017,21892.49,14088.65
6/5/2017,21893.06,14075.86
6/6/2017,21887.50,14100.88
6/7/2017,21896.03,14081.84
6/8/2017,21909.34,14070.65
6/9/2017,21891.50,14067.04
6/12/2017,21920.72,14057.65
6/13/2017,21919.47,14062.10
6/14/2017,21952.10,14115.48
6/15/2017,21991.09,14097.41
6/16/2017,21975.29,14104.29
6/19/2017,21997.46,14089.28
6/20/2017,21965.98,14118.81
6/21/2017,21933.14,14118.26
6/22/2017,21890.53,14120.48
6/23/2017,21914.52,14128.68
6/26/2017,21964.63,14139.87
6/27/2017,21932.02,14102.69
6/28/2017,21936.00,14094.42
6/29/2017,21888.18,14067.87
6/30/2017,21948.51,14047.51
7/3/2017,21916.82,14020.33
7/5/2017,21953.97,14032.50
7/6/2017,21915.01,14010.26
7/7/2017,21941.48,13995.94
7/10/2017,21957.27,14017.00
7/11/2017,21862.44,14023.81
7/12/2017,21969.77,14055.78
7/13/2017,21896.07,14043.27
7/14/2017,21894.83,14059.60
7/17/2017,21900.85,14073.22
7/18/2017,21953.20,14105.33
7/19/2017,21910.85,14107.07
7/20/2017,21945.71,14112.35
7/21/2017,21970.12,14137.85
7/24/2017,21977.27,14123.68
7/25/2017,22028.47,14071.14
7/26/2017,22061.50,14105.05
7/27/2017,22072.96,14089.07
7/28/2017,22098.72,14108.32
7/31/2017,22145.82,14107.97
8/1/2017,22193.82,14140.91
8/2/2017,22205.27,14136.12
8/3/2017,22220.13,14160.02
8/4/2017,22215.01,14131.39
8/7/2017,22202.41,14139.59
8/8/2017,22200.02,14119.99
8/9/2017,22163.13,14145.85
8/10/2017,22089.04,14155.37
8/11/2017,22087.79,14165.93
8/14/2017,22174.34,14156.97
8/15/2017,22175.58,14129.17
8/16/2017,22203.81,14158.84
8/17/2017,22118.39,14176.36
8/18/2017,22142.77,14176.15
8/21/2017,22118.15,14187.34
8/22/2017,22163.63,14168.02
8/23/2017,22122.90,14197.27
8/24/2017,22145.46,14183.58
8/25/2017,22200.23,14199.43
8/28/2017,22202.82,14208.39
8/29/2017,22218.35,14218.61
8/30/2017,22178.77,14215.14
8/31/2017,22205.40,14234.46
9/1/2017,22200.97,14208.81
9/5/2017,22267.05,14271.91
9/6/2017,22262.84,14244.18
9/7/2017,22276.09,14277.82
9/8/2017,22267.35,14273.51
9/11/2017,22291.25,14232.23
9/12/2017,22301.78,14208.60
9/13/2017,22323.63,14197.14
9/14/2017,22322.37,14201.58
9/15/2017,22311.81,14201.58
9/18/2017,22305.11,14187.41
9/19/2017,22311.33,14186.15
9/20/2017,22317.09,14166.14
9/21/2017,22276.40,14168.50
9/22/2017,22293.49,14180.32
9/25/2017,22306.73,14212.22
9/26/2017,22299.13,14208.81
9/27/2017,22271.81,14156.41
9/28/2017,22284.14,14167.32
9/29/2017,22293.98,14166.70
10/2/2017,22297.25,14166.00
10/3/2017,22289.87,14173.78
10/4/2017,22274.12,14172.95
10/5/2017,22295.05,14159.12
10/6/2017,22269.78,14145.08
10/9/2017,22275.54,14145.08
10/10/2017,22300.55,14167.32
10/11/2017,22309.71,14168.16
10/12/2017,22330.41,14182.26
10/13/2017,22378.74,14212.91
10/16/2017,22369.09,14195.05
10/17/2017,22377.79,14202.28
10/18/2017,22351.17,14173.02
10/19/2017,22363.94,14185.39
10/20/2017,22347.73,14148.97
10/23/2017,22330.17,14162.32
10/24/2017,22303.56,14143.41
10/25/2017,22226.47,14118.33
10/26/2017,22208.01,14112.07
10/27/2017,22363.82,14134.24
10/30/2017,22386.09,14178.65
10/31/2017,22398.63,14174.90
11/1/2017,22417.96,14173.99
11/2/2017,22431.17,14193.52
11/3/2017,22478.56,14196.72
11/6/2017,22502.40,14215.00
11/7/2017,22509.73,14220.69
11/8/2017,22503.25,14206.17
11/9/2017,22449.72,14190.88
11/10/2017,22376.29,14140.50
11/13/2017,22384.75,14142.37
11/14/2017,22383.94,14155.72
11/15/2017,22377.70,14183.17
11/16/2017,22442.02,14168.92
11/17/2017,22421.08,14174.55
11/20/2017,22428.18,14166.77
11/21/2017,22506.52,14178.65
11/22/2017,22553.64,14211.66
11/24/2017,22564.58,14200.89
11/27/2017,22557.20,14209.16
11/28/2017,22603.18,14205.68
11/29/2017,22504.01,14179.55
11/30/2017,22543.20,14156.69
12/1/2017,22561.83,14197.07
12/4/2017,22521.90,14188.52
12/5/2017,22514.07,14207.00
12/6/2017,22544.89,14224.80
12/7/2017,22556.05,14194.98
12/8/2017,22584.84,14194.29
12/11/2017,22612.50,14191.99
12/12/2017,22599.24,14185.81
12/13/2017,22645.43,14229.80
12/14/2017,22625.62,14237.65
12/15/2017,22707.95,14235.22
12/18/2017,22731.53,14212.01
12/19/2017,22620.43,14161.21
12/20/2017,22564.03,14135.00
12/21/2017,22575.86,14152.24
12/22/2017,22577.52,14149.11
12/26/2017,22574.44,14168.09
12/27/2017,22635.06,14211.38
12/28/2017,22642.82,14202.07
12/29/2017,22638.61,14221.67
1/2/2018,22662.40,14180.73
1/3/2018,22719.62,14196.93
1/4/2018,22739.57,14191.30
1/5/2018,22771.48,14176.22
1/8/2018,22796.17,14177.19
1/9/2018,22748.14,14134.52
1/10/2018,22712.31,14135.49
1/11/2018,22778.55,14154.53
1/12/2018,22813.61,14150.78
1/16/2018,22787.95,14158.84
1/17/2018,22825.49,14133.48
1/18/2018,22762.13,14110.13
1/19/2018,22772.36,14088.93
1/22/2018,22836.76,14073.64
1/23/2018,22907.25,14101.30
1/24/2018,22865.56,14080.80
1/25/2018,22899.03,14115.96
1/26/2018,22954.39,14086.77
1/29/2018,22851.32,14068.77
1/30/2018,22732.23,14047.44
1/31/2018,22782.63,14057.86
2/1/2018,22673.71,14019.85
2/2/2018,22451.08,13962.72
2/5/2018,22185.16,14004.70
2/6/2018,22287.23,14012.48
2/7/2018,22201.60,13962.30
2/8/2018,21832.85,13944.72
2/9/2018,21928.38,13949.24
2/12/2018,22073.09,13933.60
2/13/2018,22110.86,13935.48
2/14/2018,22188.10,13880.23
2/15/2018,22347.65,13904.69
2/16/2018,22383.60,13919.98
2/20/2018,22331.14,13909.00
2/21/2018,22248.25,13873.90
2/22/2018,22255.78,13888.01
2/23/2018,22451.38,13919.36
2/26/2018,22561.50,13930.13
2/27/2018,22433.06,13897.33
2/28/2018,22369.11,13924.64
3/1/2018,22289.39,13962.93
3/2/2018,22308.65,13922.14
3/5/2018,22392.60,13907.89
3/6/2018,22425.60,13915.53
3/7/2018,22415.31,13907.40
3/8/2018,22481.44,13921.65
3/9/2018,22596.47,13905.94
3/12/2018,22617.96,13923.59
3/13/2018,22579.72,13934.44
3/14/2018,22577.77,13956.47
3/15/2018,22564.78,13949.10
3/16/2018,22555.40,13936.94
3/19/2018,22391.22,13940.62
3/20/2018,22383.19,13912.48
3/21/2018,22363.00,13894.48
3/22/2018,22176.78,13940.83
3/23/2018,21984.03,13941.04
3/26/2018,22231.94,13936.17
3/27/2018,22071.65,13976.41
3/28/2018,22058.23,13983.57
3/29/2018,22245.06,14013.94
4/2/2018,22026.23,14021.45
4/3/2018,22078.58,13988.16
4/4/2018,22183.40,13986.98
4/5/2018,22218.86,13965.92
4/6/2018,22061.10,14006.37
4/9/2018,22121.32,14006.57
4/10/2018,22268.00,14000.04
4/11/2018,22236.34,14009.28
4/12/2018,22278.31,13979.96
4/13/2018,22250.49,13981.62
4/16/2018,22341.76,13986.14
4/17/2018,22491.77,13999.76
4/18/2018,22456.29,13960.22
4/19/2018,22344.72,13923.04
4/20/2018,22192.66,13894.75
4/23/2018,22160.57,13881.41
4/24/2018,22022.70,13870.71
4/25/2018,21998.50,13841.66
4/26/2018,22134.52,13866.47
4/27/2018,22180.53,13895.66
4/30/2018,22141.70,13909.70
5/1/2018,22162.04,13877.66
5/2/2018,22114.21,13883.70
5/3/2018,22119.49,13895.73
5/4/2018,22235.45,13898.37
5/7/2018,22270.64,13899.83
5/8/2018,22229.56,13884.95
5/9/2018,22274.87,13863.69
5/10/2018,22372.58,13889.33
5/11/2018,22393.13,13897.26
5/14/2018,22393.22,13889.12
5/15/2018,22248.91,13823.03
5/16/2018,22264.07,13814.28
5/17/2018,22219.86,13803.23
5/18/2018,22234.35,13833.32
5/21/2018,22290.88,13836.86
5/22/2018,22280.40,13837.56
5/23/2018,22361.21,13881.69
5/24/2018,22389.85,13904.00
5/25/2018,22428.15,13936.31
5/29/2018,22461.28,14051.82
5/30/2018,22527.68,13996.71
5/31/2018,22480.33,14008.94
6/1/2018,22543.12,13959.04
6/4/2018,22543.65,13933.81
6/5/2018,22576.54,13943.19
6/6/2018,22566.50,13901.70
6/7/2018,22576.01,13931.73
6/8/2018,22582.61,13927.70
6/11/2018,22574.82,13913.45
6/12/2018,22601.86,13917.76
6/13/2018,22553.40,13903.09
6/14/2018,22629.87,13930.41
6/15/2018,22595.34,13945.21
6/18/2018,22586.43,13940.90
6/19/2018,22574.82,13958.69
6/20/2018,22587.03,13935.83
6/21/2018,22521.73,13947.08
6/22/2018,22549.44,13943.75
6/25/2018,22399.47,13959.11
6/26/2018,22454.81,13959.46
6/27/2018,22373.36,13999.90
6/28/2018,22423.75,13986.63
6/29/2018,22455.27,13991.70
7/2/2018,22473.54,13979.61
7/3/2018,22459.25,14003.52
7/5/2018,22576.09,14009.35
7/6/2018,22692.47,14025.13
7/9/2018,22740.81,14014.29
7/10/2018,22753.00,14009.56
7/11/2018,22703.23,14030.06
7/12/2018,22809.93,14029.65
7/13/2018,22820.54,14050.71
7/16/2018,22787.61,14033.19
7/17/2018,22800.24,14029.37
7/18/2018,22785.94,14024.37
7/19/2018,22810.25,14046.40
7/20/2018,22777.32,14012.48
7/23/2018,22733.62,13964.18
7/24/2018,22779.47,13985.10
7/25/2018,22883.43,13997.82
7/26/2018,22824.92,13976.20
7/27/2018,22737.48,13988.09
7/30/2018,22660.14,13981.21
7/31/2018,22744.79,13995.04
8/1/2018,22728.48,13967.45
8/2/2018,22807.28,13979.96
8/3/2018,22873.30,14008.24
8/6/2018,22930.56,14022.70
8/7/2018,22929.94,13996.91
8/8/2018,22923.27,13998.17
8/9/2018,22937.45,14019.64
8/10/2018,22909.70,14067.73
8/13/2018,22876.12,14050.50
8/14/2018,22931.79,14040.63
8/15/2018,22874.00,14069.75
8/16/2018,22940.20,14062.80
8/17/2018,22990.71,14065.23
8/20/2018,23043.90,14104.98
8/21/2018,23036.55,14090.46
8/22/2018,23056.11,14101.92
8/23/2018,23034.86,14104.98
8/24/2018,23124.13,14101.85
8/27/2018,23155.56,14090.74
8/28/2018,23127.14,14066.41
8/29/2018,23178.51,14066.48
8/30/2018,23148.30,14079.96
8/31/2018,23156.63,14085.11
9/4/2018,23091.47,14046.60
9/5/2018,23038.18,14047.02
9/6/2018,23014.48,14070.30
9/7/2018,22926.70,14022.35
9/10/2018,22978.73,14032.77
9/11/2018,22991.11,14004.63
9/12/2018,23003.48,14021.79
9/13/2018,23065.59,14027.77
9/14/2018,23034.50,14007.41
9/17/2018,22973.40,14005.11
9/18/2018,22969.42,13969.81
9/19/2018,22912.58,13945.49
9/20/2018,22978.94,13959.59
9/21/2018,22975.40,13970.85
9/24/2018,22939.62,13966.82
9/25/2018,22915.94,13949.86
9/26/2018,22925.18,13982.11
9/27/2018,22984.80,13991.42
9/28/2018,23001.87,13994.41
10/1/2018,23000.58,13980.86
10/2/2018,22998.39,13997.47
10/3/2018,22906.42,13920.40
10/4/2018,22747.75,13887.87
10/5/2018,22643.72,13862.37
10/8/2018,22615.81,13862.37
10/9/2018,22658.41,13883.63
10/10/2018,22367.72,13867.30
10/11/2018,22198.37,13930.48
10/12/2018,22373.70,13922.97
10/15/2018,22290.75,13906.08
10/16/2018,22564.08,13914.21
10/17/2018,22512.46,13899.48
10/18/2018,22340.68,13895.87
10/19/2018,22346.80,13871.54
10/22/2018,22333.46,13877.10
10/23/2018,22281.41,13894.48
10/24/2018,21986.40,13918.10
10/25/2018,22194.10,13912.75
10/26/2018,22005.38,13946.88
10/29/2018,21894.30,13938.47
10/30/2018,21999.54,13915.39
10/31/2018,22117.06,13883.84
11/1/2018,22237.71,13895.24
11/2/2018,22087.05,13844.51
11/5/2018,22143.73,13858.55
11/6/2018,22230.59,13859.10
11/7/2018,22465.92,13870.01
11/8/2018,22422.17,13855.21
11/9/2018,22327.22,13879.53
11/12/2018,22105.72,13879.53
11/13/2018,22092.84,13901.84
11/14/2018,22031.23,13913.17
11/15/2018,22130.14,13904.69
11/16/2018,22168.45,13944.17
11/19/2018,22005.36,13952.23
11/20/2018,21817.91,13944.58
11/21/2018,21886.64,13942.85
11/23/2018,21814.77,13947.99
11/26/2018,21956.80,13942.50
11/27/2018,21982.82,13947.08
11/28/2018,22197.90,13958.41
11/29/2018,22194.19,13959.32
11/30/2018,22261.54,13966.68
12/3/2018,22424.07,13992.12
12/4/2018,22187.75,14036.81
12/6/2018,22232.97,14059.81
12/7/2018,22060.80,14086.01
12/10/2018,22113.61,14088.09
12/11/2018,22121.52,14080.10
12/12/2018,22147.97,14074.89
12/13/2018,22184.25,14077.46
12/14/2018,22025.08,14094.35
12/17/2018,21821.02,14118.95
12/18/2018,21889.92,14153.63
12/19/2018,21733.69,14188.93
12/20/2018,21568.98,14164.05
12/21/2018,21360.08,14158.22
12/24/2018,21110.33,14184.14
12/26/2018,21424.86,14150.57
12/27/2018,21551.80,14182.33
12/28/2018,21604.83,14188.38
12/31/2018,21726.18,14223.27
1/2/2019,21719.81,14241.40
1/3/2019,21648.03,14320.15
1/4/2019,21876.73,14253.64
1/7/2019,21940.90,14249.61
1/8/2019,22035.19,14231.81
1/9/2019,22074.79,14232.37
1/10/2019,22115.27,14224.10
1/11/2019,22116.92,14248.49
1/14/2019,22042.70,14240.36
1/15/2019,22127.81,14240.71
1/16/2019,22141.96,14236.19
1/17/2019,22183.33,14233.07
1/18/2019,22234.29,14221.53
1/22/2019,22169.67,14259.89
1/23/2019,22197.64,14249.68
1/24/2019,22260.19,14284.22
1/25/2019,22312.48,14263.57
1/28/2019,22252.33,14273.10
1/29/2019,22268.02,14299.30
1/30/2019,22443.20,14317.57
1/31/2019,22607.43,14374.35
2/1/2019,22550.85,14338.49
2/4/2019,22585.04,14322.44
2/5/2019,22657.81,14349.06
2/6/2019,22650.06,14351.00
2/7/2019,22609.99,14378.94
2/8/2019,22643.95,14393.46
2/11/2019,22641.56,14376.72
2/12/2019,22718.10,14366.08
2/13/2019,22712.36,14351.84
2/14/2019,22747.87,14380.68
2/15/2019,22807.45,14379.84
2/19/2019,22853.87,14399.93
2/20/2019,22849.91,14395.06
2/21/2019,22791.57,14366.43
2/22/2019,22872.31,14395.27
2/25/2019,22883.06,14388.74
2/26/2019,22899.83,14413.13
2/27/2019,22858.87,14375.26
2/28/2019,22818.14,14366.01
3/1/2019,22830.68,14337.73
3/4/2019,22840.98,14364.48
3/5/2019,22853.96,14366.50
3/6/2019,22845.54,14385.96
3/7/2019,22831.12,14425.99
3/8/2019,22842.98,14435.30
3/11/2019,22959.32,14427.87
3/12/2019,23027.75,14463.93
3/13/2019,23063.88,14459.70
3/14/2019,23044.10,14441.83
3/15/2019,23114.09,14468.45
3/18/2019,23127.49,14472.90
3/19/2019,23114.61,14468.10
3/20/2019,23180.35,14519.18
3/21/2019,23296.41,14528.78
3/22/2019,23265.49,14593.89
3/25/2019,23280.88,14627.18
3/26/2019,23339.25,14634.97
3/27/2019,23348.86,14665.20
3/28/2019,23368.92,14655.61
3/29/2019,23394.78,14641.85
4/1/2019,23395.69,14587.08
4/2/2019,23403.74,14599.31
4/3/2019,23402.87,14575.82
4/4/2019,23420.04,14584.58
4/5/2019,23478.82,14598.55
4/8/2019,23468.38,14590.21
4/9/2019,23454.61,14606.06
4/10/2019,23518.95,14623.71
4/11/2019,23514.07,14610.02
4/12/2019,23522.33,14581.32
4/15/2019,23515.23,14588.82
4/16/2019,23483.43,14564.08
4/17/2019,23468.10,14567.49
4/18/2019,23486.59,14590.42
4/22/2019,23475.27,14569.43
4/23/2019,23571.84,14586.81
4/24/2019,23599.44,14624.06
4/25/2019,23608.80,14618.77
4/26/2019,23664.42,14645.32
4/29/2019,23648.42,14623.01
4/30/2019,23648.66,14645.60
5/1/2019,23619.98,14649.42
5/2/2019,23565.96,14616.27
5/3/2019,23673.16,14636.15
5/6/2019,23664.95,14656.93
5/7/2019,23546.44,14687.16
5/8/2019,23522.00,14664.92
5/9/2019,23492.23,14675.97
5/10/2019,23558.95,14681.81
5/13/2019,23373.77,14715.31
5/14/2019,23454.72,14709.61
5/15/2019,23569.67,14739.14
5/16/2019,23638.38,14722.32
5/17/2019,23577.49,14730.46
5/20/2019,23477.48,14716.14
5/21/2019,23549.29,14706.76
5/22/2019,23555.53,14727.47
5/23/2019,23516.66,14794.18
5/24/2019,23511.79,14769.51
5/28/2019,23490.70,14811.00
5/29/2019,23429.61,14828.03
5/30/2019,23501.18,14844.01
5/31/2019,23466.54,14905.59
6/3/2019,23456.34,14952.15
6/4/2019,23620.10,14921.57
6/5/2019,23675.21,14919.97
6/6/2019,23730.53,14919.77
6/7/2019,23881.59,14959.10
6/10/2019,23891.81,14925.46
6/11/2019,23887.82,14930.26
6/12/2019,23889.82,14939.29
6/13/2019,23954.22,14968.07
6/14/2019,23942.23,14962.30
6/17/2019,23960.44,14970.43
6/18/2019,24097.89,14998.99
6/19/2019,24184.04,15037.22
6/20/2019,24301.93,15074.12
6/21/2019,24233.53,15028.18
6/24/2019,24258.82,15069.60
6/25/2019,24180.21,15082.11
6/26/2019,24114.49,15043.82
6/27/2019,24209.71,15084.61
6/28/2019,24233.45,15092.74
7/1/2019,24293.37,15074.40
7/2/2019,24378.36,15116.37
7/3/2019,24492.20,15140.00
7/5/2019,24382.75,15070.44
7/8/2019,24333.69,15085.03
7/9/2019,24329.01,15065.78
7/10/2019,24394.45,15067.93
7/11/2019,24313.65,15027.28
7/12/2019,24356.24,15038.26
7/15/2019,24387.94,15052.92
7/16/2019,24348.87,15033.18
7/17/2019,24367.49,15080.86
7/18/2019,24422.26,15100.25
7/19/2019,24344.82,15094.83
7/22/2019,24412.45,15105.88
7/23/2019,24447.92,15087.53
7/24/2019,24519.98,15109.28
7/25/2019,24434.34,15091.21
7/26/2019,24493.08,15090.17
7/29/2019,24482.19,15110.88
7/30/2019,24466.41,15104.00
7/31/2019,24400.31,15125.96
8/1/2019,24481.22,15224.02
8/2/2019,24427.53,15238.55
8/5/2019,24217.31,15314.09
8/6/2019,24369.83,15318.19
8/7/2019,24370.70,15358.92
8/8/2019,24529.85,15337.51
8/9/2019,24454.67,15325.70
8/12/2019,24442.23,15398.53
8/13/2019,24558.13,15364.06
8/14/2019,24381.22,15429.80
8/15/2019,24493.35,15471.78
8/16/2019,24604.13,15471.78
8/19/2019,24648.64,15425.08
8/20/2019,24653.70,15457.74
8/21/2019,24709.07,15448.78
8/22/2019,24662.94,15421.53
8/23/2019,24526.19,15484.71
8/26/2019,24598.83,15466.64
8/27/2019,24646.21,15514.17
8/28/2019,24699.79,15533.29
8/29/2019,24783.49,15503.75
8/30/2019,24781.45,15517.93
9/3/2019,24744.86,15546.21
9/4/2019,24867.09,15557.40
9/5/2019,24866.82,15472.20
9/6/2019,24885.16,15494.09
9/9/2019,24814.01,15443.29
9/10/2019,24696.59,15373.09
9/11/2019,24739.29,15359.26
9/12/2019,24737.70,15319.03
9/13/2019,24591.52,15237.16
9/16/2019,24638.42,15286.71
9/17/2019,24700.82,15305.68
9/18/2019,24727.13,15330.70
9/19/2019,24751.00,15351.69
9/20/2019,24779.30,15370.66
9/23/2019,24802.05,15408.82
9/24/2019,24776.77,15456.84
9/25/2019,24746.40,15377.40
9/26/2019,24756.10,15417.85
9/27/2019,24718.43,15428.14
9/30/2019,24790.98,15435.29
10/1/2019,24745.35,15461.15
10/2/2019,24620.49,15485.40
10/3/2019,24745.04,15535.23
10/4/2019,24886.18,15553.79
10/7/2019,24814.88,15524.74
10/8/2019,24707.74,15533.84
10/9/2019,24744.87,15498.19
10/10/2019,24728.24,15447.94
10/11/2019,24754.08,15393.81
10/14/2019,24788.99,15393.81
10/15/2019,24813.50,15390.05
10/16/2019,24828.71,15406.73
10/17/2019,24844.81,15401.38
10/18/2019,24812.48,15409.09
10/21/2019,24828.80,15383.45
10/22/2019,24816.58,15406.18
10/23/2019,24849.05,15410.00
10/24/2019,24896.76,15408.54
10/25/2019,24892.73,15385.67
10/28/2019,24885.83,15356.07
10/29/2019,24853.06,15371.84
10/30/2019,24936.36,15399.57
10/31/2019,25001.75,15481.79
11/1/2019,25057.62,15458.37
11/4/2019,25046.96,15421.74
11/5/2019,24942.78,15362.74
11/6/2019,24965.72,15404.51
11/7/2019,24867.75,15325.91
11/8/2019,24868.36,15323.47
11/11/2019,24848.42,15323.47
11/12/2019,24877.98,15348.49
11/13/2019,24927.44,15375.60
11/14/2019,24983.73,15416.46
11/15/2019,25042.68,15405.69
11/18/2019,25064.05,15425.08
11/19/2019,25070.62,15441.62
11/20/2019,25071.45,15471.57
11/21/2019,25032.28,15448.01
11/22/2019,25054.54,15450.31
11/25/2019,25144.39,15466.78
11/26/2019,25195.80,15491.87
11/27/2019,25211.42,15473.03
11/29/2019,25152.15,15473.87
12/2/2019,25027.08,15424.38
12/3/2019,25073.62,15521.82
12/4/2019,25094.54,15471.50
12/5/2019,25088.74,15464.62
12/6/2019,25131.52,15439.95
12/9/2019,25127.48,15454.55
12/10/2019,25113.95,15457.53
12/11/2019,25201.77,15491.03
12/12/2019,25177.41,15415.14
12/13/2019,25266.98,15485.12
12/16/2019,25301.58,15441.62
12/17/2019,25318.28,15447.87
12/18/2019,25309.38,15426.61
12/19/2019,25356.77,15441.55
12/20/2019,25394.88,15438.49
12/23/2019,25394.80,15426.96
12/24/2019,25417.02,15446.97
12/26/2019,25492.64,15452.67
12/27/2019,25514.19,15484.50
12/30/2019,25464.45,15475.60
12/31/2019,25453.12,15463.09
1/2/2020,25590.95,15485.26
1/3/2020,25610.95,15546.14
1/6/2020,25630.06,15525.99
1/7/2020,25588.93,15511.67
1/8/2020,25606.28,15474.91
1/9/2020,25671.71,15498.26
1/10/2020,25701.40,15532.52
1/13/2020,25755.57,15521.96
1/14/2020,25766.07,15542.04
1/15/2020,25814.06,15564.42
1/16/2020,25877.26,15555.73
1/17/2020,25894.58,15541.21
1/21/2020,25921.39,15592.98
1/22/2020,25924.60,15602.09
1/23/2020,25968.60,15623.98
1/24/2020,25910.28,15663.94
1/27/2020,25806.11,15705.92
1/28/2020,25900.38,15684.30
1/29/2020,25956.28,15721.97
1/30/2020,25987.26,15737.40
1/31/2020,25884.43,15760.68
2/3/2020,25967.87,15764.92
2/4/2020,26061.67,15705.36
2/5/2020,26089.34,15680.62
2/6/2020,26145.21,15696.40
2/7/2020,26160.75,15750.05
2/10/2020,26249.67,15771.31
2/11/2020,26246.91,15747.13
2/12/2020,26288.89,15721.00
2/13/2020,26303.53,15731.07
2/14/2020,26344.40,15754.36
2/18/2020,26364.77,15781.11
2/19/2020,26386.01,15771.80
2/20/2020,26394.26,15802.38
2/21/2020,26321.88,15844.70
2/24/2020,26043.96,15900.51
2/25/2020,25775.11,15929.70
2/26/2020,25744.17,15938.18
2/27/2020,25308.84,15932.13
2/28/2020,25334.75,16044.37
3/2/2020,25769.88,16066.61
3/3/2020,25673.10,16116.16
3/4/2020,26077.56,16137.98
3/5/2020,25817.60,16178.91
3/6/2020,25770.60,16345.85
3/9/2020,24922.98,16400.96
3/10/2020,25058.56,16153.55
3/11/2020,24229.32,16057.57
3/12/2020,22518.41,15927.26
3/13/2020,23330.83,15828.23
3/16/2020,22704.10,15965.97
3/17/2020,22690.50,15734.13
3/18/2020,21340.77,15409.16
3/19/2020,21281.23,15367.95
3/20/2020,21269.67,15465.32
3/23/2020,21489.00,15623.49
3/24/2020,22323.86,15674.57
3/25/2020,22798.83,15727.11
3/26/2020,23312.05,15807.24
3/27/2020,23274.22,15875.91
3/30/2020,23631.37,15965.14
3/31/2020,23520.04,15949.92
4/1/2020,23076.71,15966.74
4/2/2020,23268.36,15977.02
4/3/2020,23122.08,15991.90
4/6/2020,23673.62,15967.23
4/7/2020,23750.17,15972.02
4/8/2020,24072.86,15987.59
4/9/2020,24648.92,16083.49
4/13/2020,24496.23,16111.85
4/14/2020,24759.01,16129.15
4/15/2020,24665.72,16206.16
4/16/2020,24741.54,16234.37
4/17/2020,24925.11,16195.80
4/20/2020,24717.25,16204.77
4/21/2020,24425.42,16230.20
4/22/2020,24657.35,16210.67
4/23/2020,24731.62,16227.98
4/24/2020,24828.97,16234.58
4/27/2020,24906.52,16188.64
4/28/2020,24920.09,16227.91
4/29/2020,25255.71,16230.55
4/30/2020,25171.67,16233.47
5/1/2020,24850.90,16214.57
5/4/2020,24934.37,16207.13
5/5/2020,25030.35,16194.97
5/6/2020,24897.33,16145.21
5/7/2020,25060.77,16208.03
5/8/2020,25187.95,16161.33
5/11/2020,25127.67,16111.78
5/12/2020,25021.91,16154.80
5/13/2020,24888.47,16183.08
5/14/2020,25004.20,16214.36
5/15/2020,25047.86,16214.91
5/18/2020,25264.20,16164.32
5/19/2020,25236.44,16202.89
5/20/2020,25466.36,16256.26
5/21/2020,25435.75,16263.21
5/22/2020,25475.42,16272.11
5/26/2020,25545.62,16255.92
5/27/2020,25675.12,16271.90
5/28/2020,25664.92,16257.51
5/29/2020,25829.76,16309.01
6/1/2020,25860.84,16298.93
6/2/2020,25966.58,16301.58
6/3/2020,26022.68,16269.88
6/4/2020,25942.43,16237.64
6/5/2020,26164.08,16229.02
6/8/2020,26336.31,16259.95
6/9/2020,26306.55,16292.96
6/10/2020,26365.70,16343.13
6/11/2020,25858.26,16373.16
6/12/2020,25942.23,16345.91
6/15/2020,26115.97,16349.53
6/16/2020,26236.35,16348.14
6/17/2020,26221.74,16353.00
6/18/2020,26244.89,16376.84
6/19/2020,26214.48,16378.72
6/22/2020,26270.10,16377.81
6/23/2020,26306.84,16368.71
6/24/2020,26094.53,16375.17
6/25/2020,26192.94,16380.52
6/26/2020,25995.13,16412.42
6/29/2020,26106.69,16411.94
6/30/2020,26280.77,16411.80
7/1/2020,26381.56,16407.00
7/2/2020,26456.24,16431.74
7/6/2020,26602.20,16440.22
7/7/2020,26565.65,16471.63
7/8/2020,26640.31,16474.28
7/9/2020,26684.91,16520.63
7/10/2020,26726.22,16500.55
7/13/2020,26607.43,16502.70
7/14/2020,26739.96,16525.77
7/15/2020,26806.04,16523.13
7/16/2020,26815.11,16547.18
7/17/2020,26856.40,16539.19
7/20/2020,27022.44,16557.81
7/21/2020,27013.73,16582.34
7/22/2020,27102.37,16599.93
7/23/2020,26963.65,16614.17
7/24/2020,26885.46,16607.29
7/27/2020,26973.21,16596.10
7/28/2020,26938.20,16617.09
7/29/2020,27089.72,16617.72
7/30/2020,27120.68,16648.71
7/31/2020,27235.36,16656.91
8/3/2020,27320.22,16640.30
8/4/2020,27407.05,16680.61
8/5/2020,27419.36,16666.92
8/6/2020,27509.90,16684.92
8/7/2020,27464.14,16674.15
8/10/2020,27471.41,16665.67
8/11/2020,27275.15,16591.52
8/12/2020,27392.62,16577.34
8/13/2020,27315.33,16533.14
8/14/2020,27293.03,16522.99
8/17/2020,27378.73,16535.92
8/18/2020,27452.37,16544.12
8/19/2020,27380.79,16540.44
8/20/2020,27463.40,16560.31
8/21/2020,27521.92,16567.33
8/24/2020,27583.06,16566.64
8/25/2020,27579.58,16536.96
8/26/2020,27689.33,16525.43
8/27/2020,27612.50,16471.63
8/28/2020,27697.70,16483.59
8/31/2020,27753.57,16522.44
9/1/2020,27903.35,16553.02
9/2/2020,28069.97,16587.56
9/3/2020,27708.98,16606.32
9/4/2020,27498.42,16508.68
9/8/2020,27172.29,16536.82
9/9/2020,27406.99,16518.34
9/10/2020,27227.55,16535.50
9/11/2020,27237.67,16549.75
9/14/2020,27402.74,16555.24
9/15/2020,27492.29,16546.48
9/16/2020,27414.64,16540.65
9/17/2020,27296.07,16549.47
9/18/2020,27150.60,16534.39
9/21/2020,27090.26,16538.84
9/22/2020,27193.81,16546.76
9/23/2020,26912.28,16533.42
9/24/2020,26937.94,16529.80
9/25/2020,27107.77,16519.66
9/28/2020,27282.61,16519.24
9/29/2020,27269.75,16537.80
9/30/2020,27371.57,16513.40
10/1/2020,27489.42,16518.48
10/2/2020,27361.79,16505.20
10/5/2020,27462.74,16461.56
10/6/2020,27383.38,16492.48
10/7/2020,27493.09,16459.33
10/8/2020,27601.70,16479.63
10/9/2020,27681.12,16476.57
10/13/2020,27841.05,16522.85
10/14/2020,27794.15,16528.00
10/15/2020,27756.90,16517.85
10/16/2020,27716.36,16515.77
10/19/2020,27551.07,16503.88
10/20/2020,27570.62,16469.83
10/21/2020,27521.32,16458.64
10/22/2020,27545.92,16437.65
10/23/2020,27596.37,16446.20
10/26/2020,27454.36,16478.45
10/27/2020,27521.47,16500.96
10/28/2020,27109.45,16490.95
10/29/2020,27200.68,16451.13
10/30/2020,26994.06,16439.67
11/2/2020,27096.03,16452.45
11/3/2020,27283.01,16437.03
11/4/2020,27749.60,16536.61
11/5/2020,27971.60,16552.60
11/6/2020,27905.00,16519.59
11/9/2020,27831.62,16440.36
11/10/2020,27746.63,16428.96
11/12/2020,27891.71,16496.24
11/13/2020,28019.01,16496.72
11/16/2020,28159.00,16497.90
11/17/2020,28160.10,16529.60
11/18/2020,28068.33,16535.43
11/19/2020,28183.55,16568.37
11/20/2020,28142.82,16594.23
11/23/2020,28178.30,16576.64
11/24/2020,28295.69,16557.95
11/25/2020,28309.70,16555.52
11/27/2020,28394.22,16589.02
11/30/2020,28383.93,16600.97
12/1/2020,28416.77,16541.48
12/2/2020,28430.99,16528.69
12/3/2020,28494.04,16561.98
12/4/2020,28501.91,16520.07
12/7/2020,28553.12,16554.41
12/8/2020,28584.63,16560.87
12/9/2020,28421.33,16529.60
12/10/2020,28482.17,16567.54
12/11/2020,28498.14,16577.34
12/14/2020,28501.85,16582.62
12/15/2020,28625.27,16566.29
12/16/2020,28625.03,16573.59
12/17/2020,28683.66,16574.98
12/18/2020,28646.88,16564.14
12/21/2020,28611.42,16567.68
12/22/2020,28639.85,16590.89
12/23/2020,28614.23,16567.05
12/24/2020,28690.57,16587.63
12/28/2020,28760.56,16594.51
12/29/2020,28759.66,16597.63
12/30/2020,28796.39,16608.61
12/31/2020,28847.33,16623.83
