Date,S&P 500 Index,Defined Shield,Rolling Floor,Static Floor
3/31/2021,158582.74,132512.90,115948.79,87500.00
3/30/2021,157942.55,132143.44,115948.79,87500.00
3/29/2021,158362.68,132389.75,115948.79,87500.00
3/26/2021,158442.71,132512.90,115948.79,87500.00
3/25/2021,155929.90,130911.91,115733.27,87500.00
3/24/2021,155057.62,130788.76,115733.27,87500.00
3/23/2021,155849.87,131281.37,115733.27,87500.00
3/22/2021,157086.27,131650.83,115733.27,87500.00
3/19/2021,155841.88,131035.06,115733.27,87500.00
3/18/2021,156642.13,131404.52,115733.27,87500.00
3/17/2021,158954.87,132266.60,115733.27,87500.00
3/16/2021,158414.70,132143.44,115517.75,87500.00
3/15/2021,158614.76,132020.29,115517.75,87500.00
3/12/2021,157674.46,131527.68,115517.75,87500.00
3/11/2021,157462.39,131527.68,115517.75,87500.00
3/10/2021,155881.88,130788.76,115517.75,87500.00
3/9/2021,154917.58,130049.84,115517.75,87500.00
3/8/2021,152736.88,129064.61,115517.75,87500.00
3/5/2021,153501.12,129064.61,115517.75,87500.00
3/4/2021,150728.24,128202.54,115517.75,87500.00
3/3/2021,152616.84,129187.76,115517.75,87500.00
3/2/2021,154665.50,130542.45,115517.75,87500.00
3/1/2021,155881.88,131035.06,115517.75,87500.00
2/26/2021,152192.70,129187.76,115517.75,87500.00
2/25/2021,152980.95,129803.53,115517.75,87500.00
2/24/2021,156758.16,131650.83,115517.75,87500.00
2/23/2021,155049.62,130665.60,115517.75,87500.00
2/22/2021,154861.56,130788.76,115517.75,87500.00
2/19/2021,156061.94,131281.37,115517.75,87500.00
2/18/2021,156338.03,131527.68,115517.75,87500.00
2/17/2021,157006.25,131773.98,115517.75,87500.00
2/16/2021,156970.23,131773.98,115517.75,87500.00
2/12/2021,157106.28,132020.29,115517.75,87500.00
2/11/2021,156334.02,131404.52,114978.96,87500.00
2/10/2021,156081.94,131404.52,114978.96,87500.00
2/9/2021,156149.97,131404.52,114978.96,87500.00
2/8/2021,156254.01,131404.52,114978.96,87500.00
2/5/2021,155133.64,130911.91,114440.16,87500.00
2/4/2021,154525.45,130788.76,114440.16,87500.00
2/3/2021,152788.90,130049.84,114009.13,87500.00
2/2/2021,152668.85,129926.68,114009.13,87500.00
2/1/2021,150540.18,128818.31,114009.13,87500.00
1/29/2021,148075.39,127833.08,114009.13,87500.00
1/28/2021,151100.36,129064.61,114009.13,87500.00
1/27/2021,149811.94,128325.69,114009.13,87500.00
1/26/2021,153565.15,130419.30,114009.13,87500.00
1/25/2021,153805.22,130419.30,114009.13,87500.00
1/22/2021,153201.03,130049.84,114009.13,87500.00
1/21/2021,153745.20,130296.14,114009.13,87500.00
1/20/2021,153605.16,130296.14,114009.13,87500.00
1/19/2021,151508.48,129434.07,113578.09,87500.00
1/15/2021,150328.11,128695.15,113578.09,87500.00
1/14/2021,151432.46,129310.92,113578.09,87500.00
1/13/2021,151964.63,129680.38,113578.09,87500.00
1/12/2021,151556.49,129434.07,113578.09,87500.00
1/11/2021,151524.49,129310.92,113578.09,87500.00
1/8/2021,152552.82,129803.53,113578.09,87500.00
1/7/2021,151688.54,129310.92,113147.05,87500.00
1/6/2021,149467.83,128572.00,112500.50,87500.00
1/5/2021,148579.54,128202.54,112500.50,87500.00
1/4/2021,147563.23,127709.93,112500.50,87500.00
12/31/2020,149599.88,128572.00,112500.50,87500.00
12/30/2020,148843.63,128202.54,112284.98,87500.00
12/29/2020,148631.56,128325.69,112284.98,87500.00
12/28/2020,148915.66,128325.69,112284.98,87500.00
12/24/2020,147647.25,127709.93,111853.94,87500.00
12/23/2020,147075.07,127340.47,111853.94,87500.00
12/22/2020,146943.02,127340.47,111853.94,87500.00
12/21/2020,147191.10,127340.47,111853.94,87500.00
12/18/2020,147719.27,127709.93,111853.94,87500.00
12/17/2020,148943.66,127833.08,111853.94,87500.00
12/16/2020,148115.40,127586.77,111659.23,87500.00
12/15/2020,147883.32,127340.47,111659.23,87500.00
12/14/2020,145910.69,126884.79,111659.23,87500.00
12/11/2020,146566.90,127005.75,111659.23,87500.00
12/10/2020,146738.96,127005.75,111659.23,87500.00
12/9/2020,146786.98,126884.79,111659.23,87500.00
12/8/2020,148115.40,127610.55,111659.23,87500.00
12/7/2020,147683.26,127368.63,111447.55,87500.00
12/4/2020,147987.36,127368.63,111447.55,87500.00
12/3/2020,146722.95,127005.75,111130.03,87500.00
12/2/2020,146762.97,126884.79,110918.36,87500.00
12/1/2020,146454.86,126763.84,110918.36,87500.00
11/30/2020,144870.36,126159.06,110389.17,87500.00
11/27/2020,145514.57,126280.01,110389.17,87500.00
11/25/2020,145110.44,126159.06,110389.17,87500.00
11/24/2020,145334.51,126159.06,110389.17,87500.00
11/23/2020,143029.77,125191.39,110177.49,87500.00
11/20/2020,142177.49,124707.56,110177.49,87500.00
11/19/2020,143157.81,125070.43,110177.49,87500.00
11/18/2020,142557.62,124949.47,110177.49,87500.00
11/17/2020,144294.17,125796.17,110177.49,87500.00
11/16/2020,145074.43,125917.13,110177.49,87500.00
11/13/2020,143285.86,125191.39,109754.14,87500.00
11/12/2020,141329.22,124344.69,109754.14,87500.00
11/11/2020,142713.67,124949.47,109754.14,87500.00
11/10/2020,141661.34,124465.64,109754.14,87500.00
11/9/2020,141869.40,124828.51,109754.14,87500.00
11/6/2020,140108.84,123739.88,109754.14,87500.00
11/5/2020,140140.84,123860.84,109754.14,87500.00
11/4/2020,137459.99,122772.23,109754.14,87500.00
11/3/2020,134455.03,121078.82,109754.14,87500.00
11/2/2020,132122.28,120111.16,109754.14,87500.00
10/30/2020,130657.82,119748.28,109754.14,87500.00
10/29/2020,132034.26,120353.07,109754.14,87500.00
10/28/2020,130705.83,120232.11,109754.14,87500.00
10/27/2020,135331.31,121804.57,109754.14,87500.00
10/26/2020,135799.46,122046.49,109754.14,87500.00
10/23/2020,138356.27,123014.15,109754.14,87500.00
10/22/2020,137888.12,122772.23,109754.14,87500.00
10/21/2020,137135.89,122651.28,109754.14,87500.00
10/20/2020,137395.97,122651.28,109754.14,87500.00
10/19/2020,136847.80,122530.32,109754.14,87500.00
10/16/2020,138960.47,123377.01,109754.14,87500.00
10/15/2020,139044.50,123377.01,109754.14,87500.00
10/14/2020,139216.55,123497.97,109754.14,87500.00
10/13/2020,140096.83,123981.82,109754.14,87500.00
10/12/2020,141017.12,124223.74,109754.14,87500.00
10/9/2020,138784.41,123135.11,109754.14,87500.00
10/8/2020,137556.02,122530.32,109754.14,87500.00
10/7/2020,136347.64,122046.49,109754.14,87500.00
10/6/2020,134014.88,121320.73,109754.14,87500.00
10/5/2020,135947.51,121925.53,109754.14,87500.00
10/2/2020,133578.74,121320.73,109754.14,87500.00
10/1/2020,134859.16,121683.62,109754.14,87500.00
9/30/2020,133998.89,121320.73,109754.14,87500.00
9/29/2020,132990.56,120957.86,109754.14,87500.00
9/28/2020,133718.79,121199.79,109754.14,87500.00
9/25/2020,131534.10,120111.16,109754.14,87500.00
9/24/2020,129441.42,119506.38,109754.14,87500.00
9/23/2020,129097.32,119627.33,109754.14,87500.00
9/22/2020,132162.29,120594.99,109754.14,87500.00
9/21/2020,130829.87,119869.24,109754.14,87500.00
9/18/2020,132302.34,120836.90,109754.14,87500.00
9/17/2020,134379.00,121683.62,109754.14,87500.00
9/16/2020,135571.39,122409.36,109754.14,87500.00
9/15/2020,136111.56,122651.28,109754.14,87500.00
9/14/2020,135427.33,122288.39,109754.14,87500.00
9/11/2020,133666.77,121199.79,109754.14,87500.00
9/10/2020,133598.76,121441.70,109754.14,87500.00
9/9/2020,135959.51,122530.32,109754.14,87500.00
9/8/2020,133326.66,121683.62,109754.14,87500.00
9/4/2020,137071.87,123135.11,109754.14,87500.00
9/3/2020,138200.23,124102.78,109754.14,87500.00
9/2/2020,143125.81,125433.30,109754.14,87500.00
9/1/2020,141085.15,124949.47,109330.79,87500.00
8/31/2020,139768.73,124707.56,109119.12,87500.00
8/28/2020,140276.88,124707.56,109119.12,87500.00
8/27/2020,139376.60,124465.64,108801.60,87500.00
8/26/2020,139072.51,124344.69,108801.60,87500.00
8/25/2020,137692.06,123860.84,108272.40,87500.00
8/24/2020,137211.91,123497.97,108272.40,87500.00
8/21/2020,135835.47,123014.15,108272.40,87500.00
8/20/2020,135355.31,122651.28,108272.40,87500.00
8/19/2020,134935.18,122651.28,108272.40,87500.00
8/18/2020,135499.37,122772.23,108272.40,87500.00
8/17/2020,135207.27,122651.28,108272.40,87500.00
8/14/2020,134779.13,122288.39,108272.40,87500.00
8/13/2020,134775.12,122409.36,108272.40,87500.00
8/12/2020,135019.21,122530.32,108272.40,87500.00
8/11/2020,133162.61,121683.62,108272.40,87500.00
8/10/2020,134270.97,122167.44,108272.40,87500.00
8/7/2020,133870.84,122046.49,108272.40,87500.00
8/6/2020,133774.80,122046.49,108272.40,87500.00
8/5/2020,132886.52,121562.66,108272.40,87500.00
8/4/2020,132066.26,121199.79,108272.40,87500.00
8/3/2020,131558.10,121078.82,108272.40,87500.00
7/31/2020,130649.80,120474.03,108272.40,87500.00
7/30/2020,129625.48,120232.11,108272.40,87500.00
7/29/2020,130089.63,120232.11,108272.40,87500.00
7/28/2020,128509.13,119506.38,108272.40,87500.00
7/27/2020,129329.39,119869.24,108272.40,87500.00
7/24/2020,128393.09,119385.42,108272.40,87500.00
7/23/2020,129225.35,119869.24,108272.40,87500.00
7/22/2020,130785.85,120594.99,108272.40,87500.00
7/21/2020,130045.62,120232.11,108272.40,87500.00
7/20/2020,129769.53,120111.16,108272.40,87500.00
7/17/2020,128729.19,119627.33,108272.40,87500.00
7/16/2020,128357.08,119506.38,108272.40,87500.00
7/15/2020,128781.21,119748.28,108272.40,87500.00
7/14/2020,127608.84,119022.54,108272.40,87500.00
7/13/2020,125976.31,119022.54,108272.40,87500.00
7/10/2020,127076.66,119143.50,108272.40,87500.00
7/9/2020,125792.26,118538.70,108272.40,87500.00
7/8/2020,126512.48,118659.66,108272.40,87500.00
7/7/2020,125552.18,118538.70,108272.40,87500.00
7/6/2020,126860.59,118780.61,108272.40,87500.00
7/2/2020,124931.98,118054.88,108272.40,87500.00
7/1/2020,124247.76,117812.96,108272.40,87500.00
6/30/2020,123383.48,117329.12,108272.40,87500.00
6/29/2020,121822.98,116724.34,108272.40,87500.00
6/26/2020,120058.41,116361.46,108272.40,87500.00
6/25/2020,122979.36,117087.22,108272.40,87500.00
6/24/2020,121674.94,117208.17,108272.40,87500.00
6/23/2020,124859.95,118296.79,108272.40,87500.00
6/22/2020,124287.77,117933.92,108272.40,87500.00
6/19/2020,123495.53,117812.96,108272.40,87500.00
6/18/2020,124751.92,118054.88,108272.40,87500.00
6/17/2020,124703.91,118175.84,108272.40,87500.00
6/16/2020,125224.07,118054.88,108272.40,87500.00
6/15/2020,122859.31,117087.22,108272.40,87500.00
6/12/2020,121722.95,116724.34,108272.40,87500.00
6/11/2020,120282.49,116724.34,108272.40,87500.00
6/10/2020,127640.85,119022.54,108272.40,87500.00
6/9/2020,128357.08,119506.38,108272.40,87500.00
6/8/2020,129321.39,119506.38,108272.40,87500.00
6/5/2020,127776.89,118901.57,108272.40,87500.00
6/4/2020,124583.86,117450.08,108272.40,87500.00
6/3/2020,124911.97,117571.05,108272.40,87500.00
6/2/2020,123271.44,116845.30,108272.40,87500.00
6/1/2020,122259.12,116482.43,108272.40,87500.00
5/29/2020,121766.97,116361.46,108272.40,87500.00
5/28/2020,121226.79,116361.46,108272.40,87500.00
5/27/2020,121450.86,116119.55,108272.40,87500.00
5/26/2020,119670.29,115393.80,108272.40,87500.00
5/22/2020,118213.83,114789.02,108272.40,87500.00
5/21/2020,117989.76,114668.06,108272.40,87500.00
5/20/2020,118810.02,114909.97,108272.40,87500.00
5/19/2020,116825.39,114184.21,108272.40,87500.00
5/18/2020,118037.77,114426.15,108272.40,87500.00
5/15/2020,114548.66,113216.56,108272.40,87500.00
5/14/2020,114024.49,113458.48,108272.40,87500.00
5/13/2020,112676.06,112853.69,108272.40,87500.00
5/12/2020,114704.71,113458.48,108272.40,87500.00
5/11/2020,117037.45,114063.26,108272.40,87500.00
5/8/2020,117013.45,114184.21,108272.40,87500.00
5/7/2020,115108.83,113700.38,108272.40,87500.00
5/6/2020,113736.40,113216.56,108272.40,87500.00
5/5/2020,114512.65,113821.34,108272.40,87500.00
5/4/2020,113464.31,113095.61,108272.40,87500.00
5/1/2020,113152.21,113216.56,108272.40,87500.00
4/30/2020,116229.20,114184.21,108272.40,87500.00
4/29/2020,117321.54,114547.11,108272.40,87500.00
4/28/2020,114328.59,113579.44,108272.40,87500.00
4/27/2020,114856.75,113458.48,108272.40,87500.00
4/24/2020,113224.23,113095.61,108272.40,87500.00
4/23/2020,111667.73,113216.56,108272.40,87500.00
4/22/2020,111675.74,113095.61,108272.40,87500.00
4/21/2020,109250.96,112732.72,108272.40,87500.00
4/20/2020,112672.05,113700.38,108272.40,87500.00
4/17/2020,114692.71,113942.30,108272.40,87500.00
4/16/2020,111675.74,112611.77,108272.40,87500.00
4/15/2020,111139.57,112611.77,108272.40,87500.00
4/14/2020,113552.34,112974.65,108272.40,87500.00
4/13/2020,110299.30,111886.03,108272.40,87500.00
4/9/2020,111315.63,112490.81,108272.40,87500.00
4/8/2020,109647.09,111281.23,108272.40,87500.00
4/7/2020,106085.95,110071.66,108272.40,87500.00
4/6/2020,105977.91,109345.90,108272.40,87500.00
4/3/2020,99307.78,108257.29,108272.40,87500.00
4/2/2020,100764.25,108620.16,108272.40,87500.00
4/1/2020,98491.52,108378.25,108272.40,87500.00
3/31/2020,103133.00,109345.90,108272.40,87500.00
3/30/2020,104693.50,109224.94,108272.40,87500.00
3/27/2020,101400.45,108499.21,108272.40,87500.00
3/26/2020,104513.45,107894.41,108272.40,87500.00
3/25/2020,98747.60,106926.75,108272.40,87500.00
3/24/2020,97291.13,105838.13,108272.40,87500.00
3/23/2020,89208.55,104507.59,108272.40,87500.00
3/20/2020,91549.30,105112.39,108272.40,87500.00
3/19/2020,96234.79,106321.96,108272.40,87500.00
3/18/2020,96030.73,107289.63,108272.40,87500.00
3/17/2020,101152.37,108620.16,108272.40,87500.00
3/16/2020,95970.71,109587.84,108272.40,87500.00
3/13/2020,107762.49,108136.33,108272.40,87500.00
3/12/2020,99275.77,110313.57,108272.40,87500.00
3/11/2020,109779.12,112732.72,108272.40,87500.00
3/10/2020,115404.94,113821.34,108272.40,87500.00
3/9/2020,109727.12,113821.34,108272.40,87500.00
3/6/2020,119022.08,116119.55,108272.40,87500.00
3/5/2020,121022.72,117208.17,108272.40,87500.00
3/4/2020,125184.05,118175.84,108272.40,87500.00
3/3/2020,120134.44,116361.46,108272.40,87500.00
3/2/2020,123675.58,116845.30,108272.40,87500.00
2/28/2020,118541.94,115272.84,108272.40,87500.00
2/27/2020,119042.10,115998.59,108272.40,87500.00
2/26/2020,124639.89,117933.92,108272.40,87500.00
2/25/2020,125100.03,118175.84,108272.40,87500.00
2/24/2020,129009.29,120474.03,108272.40,87500.00
2/21/2020,133434.70,122772.23,108272.40,87500.00
2/20/2020,134823.15,123377.01,108272.40,87500.00
2/19/2020,135379.32,123739.88,108272.40,87500.00
2/18/2020,134735.12,123497.97,108060.73,87500.00
2/14/2020,135083.23,123497.97,108060.73,87500.00
2/13/2020,134867.16,123377.01,108060.73,87500.00
2/12/2020,135011.21,123497.97,108060.73,87500.00
2/11/2020,134146.93,123135.11,107743.23,87500.00
2/10/2020,133914.85,122772.23,107319.87,87500.00
2/7/2020,132922.54,122409.36,107319.87,87500.00
2/6/2020,133634.77,122651.28,107319.87,87500.00
2/5/2020,133186.61,122409.36,107108.19,87500.00
2/4/2020,131666.13,121683.62,106896.51,87500.00
2/3/2020,129689.50,120474.03,106896.51,87500.00
1/31/2020,128733.20,120232.11,106896.51,87500.00
1/30/2020,131113.95,121199.79,106896.51,87500.00
1/29/2020,130689.82,121199.79,106896.51,87500.00
1/28/2020,130797.86,121199.79,106896.51,87500.00
1/27/2020,129441.42,120474.03,106896.51,87500.00
1/24/2020,131550.09,121562.66,106896.51,87500.00
1/23/2020,132730.48,122167.44,106896.51,87500.00
1/22/2020,132578.42,122167.44,106896.51,87500.00
1/21/2020,132562.42,122167.44,106896.51,87500.00
1/17/2020,132822.51,122167.44,106896.51,87500.00
1/16/2020,132410.38,121925.53,106684.84,87500.00
1/15/2020,131318.02,121562.66,106261.48,87500.00
1/14/2020,131021.93,121320.73,106261.48,87500.00
1/13/2020,131222.00,121441.70,106261.48,87500.00
1/10/2020,130325.70,120957.86,105943.97,87500.00
1/9/2020,130701.82,121078.82,105943.97,87500.00
1/8/2020,129821.55,120836.90,105626.45,87500.00
1/7/2020,129133.33,120474.03,105626.45,87500.00
1/6/2020,129497.45,120474.03,105626.45,87500.00
1/3/2020,129005.28,120474.03,105626.45,87500.00
1/2/2020,129989.60,120715.94,105626.45,87500.00
12/31/2019,128785.21,120232.11,105308.94,87500.00
12/30/2019,128473.11,120111.16,105308.94,87500.00
12/27/2019,129185.33,120474.03,105308.94,87500.00
12/26/2019,129217.35,120353.07,105308.94,87500.00
12/24/2019,128533.14,120111.16,105097.27,87500.00
12/23/2019,128529.13,120111.16,105097.27,87500.00
12/20/2019,128333.07,120111.16,105097.27,87500.00
12/19/2019,128401.09,119748.28,104779.74,87500.00
12/18/2019,127876.92,119506.38,104568.08,87500.00
12/17/2019,127868.92,119506.38,104568.08,87500.00
12/16/2019,127840.91,119506.38,104568.08,87500.00
12/13/2019,126968.63,118901.57,103943.63,87500.00
12/12/2019,126892.61,118792.72,103943.63,87500.00
12/11/2019,125808.26,118337.14,103744.32,87500.00
12/10/2019,125452.15,118109.34,103744.32,87500.00
12/9/2019,125592.19,118223.25,103744.32,87500.00
12/6/2019,125988.32,118337.14,103744.32,87500.00
12/5/2019,124847.95,117767.66,103744.32,87500.00
12/4/2019,124623.88,117653.76,103744.32,87500.00
12/3/2019,123859.63,117198.19,103744.32,87500.00
12/2/2019,124695.91,117653.76,103744.32,87500.00
11/29/2019,125764.24,118337.14,103744.32,87500.00
11/27/2019,126232.40,118564.93,103744.32,87500.00
11/26/2019,125672.21,118337.14,103545.00,87500.00
11/25/2019,125388.12,118109.34,103345.67,87500.00
11/22/2019,124423.81,117539.87,102947.04,87500.00
11/21/2019,124147.72,117425.98,102947.04,87500.00
11/20/2019,124347.79,117653.76,102947.04,87500.00
11/19/2019,124811.94,117767.66,102947.04,87500.00
11/18/2019,124847.95,117767.66,102947.04,87500.00
11/15/2019,124755.93,117653.76,102947.04,87500.00
11/14/2019,123859.63,117084.29,102448.75,87500.00
11/13/2019,123679.58,117084.29,102448.75,87500.00
11/12/2019,123639.57,117084.29,102448.75,87500.00
11/11/2019,123379.48,116856.52,102149.78,87500.00
11/8/2019,123615.56,116856.52,102149.78,87500.00
11/7/2019,123311.46,116856.52,102149.78,87500.00
11/6/2019,122879.32,116742.61,102149.78,87500.00
11/5/2019,122851.31,116628.71,102149.78,87500.00
11/4/2019,122987.35,116742.61,102149.78,87500.00
11/1/2019,122495.21,116400.92,101850.81,87500.00
10/31/2019,121370.83,115831.45,101252.85,87500.00
10/30/2019,121694.95,115831.45,101252.85,87500.00
10/29/2019,121322.82,115717.55,101252.85,87500.00
10/28/2019,121358.83,115717.55,101252.85,87500.00
10/25/2019,120678.62,115261.98,101053.55,87500.00
10/24/2019,120186.46,115034.18,101053.55,87500.00
10/23/2019,119990.40,114920.29,101053.55,87500.00
10/22/2019,119642.29,114806.38,101053.55,87500.00
10/21/2019,120034.41,115034.18,101053.55,87500.00
10/18/2019,119226.15,114578.60,101053.55,87500.00
10/17/2019,119750.32,114920.29,101053.55,87500.00
10/16/2019,119398.21,114692.48,101053.55,87500.00
10/15/2019,119590.27,114806.38,101053.55,87500.00
10/14/2019,118417.90,114123.02,101053.55,87500.00
10/11/2019,118549.94,114350.80,101053.55,87500.00
10/10/2019,117333.54,113553.55,101053.55,87500.00
10/9/2019,116545.29,113097.96,101053.55,87500.00
10/8/2019,115448.94,112642.38,101053.55,87500.00
10/7/2019,117269.52,113781.33,101053.55,87500.00
10/4/2019,117777.69,113895.23,101053.55,87500.00
10/3/2019,116205.19,112642.38,101053.55,87500.00
10/2/2019,115260.88,112414.59,101053.55,87500.00
10/1/2019,117333.54,113667.41,101053.55,87500.00
9/30/2019,118746.00,114578.60,101053.55,87500.00
9/27/2019,118197.82,114009.13,101053.55,87500.00
9/26/2019,118838.03,114578.60,101053.55,87500.00
9/25/2019,119086.11,114350.80,101053.55,87500.00
9/24/2019,118385.88,114350.80,101053.55,87500.00
9/23/2019,119322.18,114920.29,101053.55,87500.00
9/20/2019,119350.19,114920.29,101053.55,87500.00
9/19/2019,120470.55,115261.98,101053.55,87500.00
9/18/2019,120478.56,114920.29,101053.55,87500.00
9/17/2019,120406.54,115034.18,101053.55,87500.00
9/16/2019,120102.44,114920.29,101053.55,87500.00
9/13/2019,120474.55,115148.06,101053.55,87500.00
9/12/2019,120554.58,115375.87,101053.55,87500.00
9/11/2019,120138.45,114920.29,101053.55,87500.00
9/10/2019,119290.18,114236.91,101053.55,87500.00
9/9/2019,119318.19,114464.71,101053.55,87500.00
9/6/2019,119258.16,114464.71,101053.55,87500.00
9/5/2019,119166.14,114350.80,101053.55,87500.00
9/4/2019,117653.65,113325.74,101053.55,87500.00
9/3/2019,116333.22,112528.49,101053.55,87500.00
8/30/2019,117017.45,112984.06,101053.55,87500.00
8/29/2019,117069.46,112984.06,101053.55,87500.00
8/28/2019,115593.00,112072.90,101053.55,87500.00
8/27/2019,114784.73,111617.33,101053.55,87500.00
8/26/2019,115236.88,111617.33,101053.55,87500.00
8/23/2019,113976.48,111275.64,101053.55,87500.00
8/22/2019,116981.43,112984.06,101053.55,87500.00
8/21/2019,117017.45,112984.06,101053.55,87500.00
8/20/2019,116073.14,112414.59,101053.55,87500.00
8/19/2019,116969.43,112984.06,101053.55,87500.00
8/16/2019,115576.99,111959.01,101053.55,87500.00
8/15/2019,113896.45,110933.95,101053.55,87500.00
8/14/2019,113596.35,111047.84,101053.55,87500.00
8/13/2019,117057.45,113097.96,101053.55,87500.00
8/12/2019,115264.89,111845.10,101053.55,87500.00
8/9/2019,116685.34,112756.26,101053.55,87500.00
8/8/2019,117485.59,113211.84,101053.55,87500.00
8/7/2019,115224.87,111731.22,101053.55,87500.00
8/6/2019,115156.85,111731.22,101053.55,87500.00
8/5/2019,113564.34,110933.95,101053.55,87500.00
8/2/2019,117085.47,113097.96,101053.55,87500.00
8/1/2019,117973.75,113895.23,101053.55,87500.00
7/31/2019,119010.08,114692.48,101053.55,87500.00
7/30/2019,120326.51,115261.98,101053.55,87500.00
7/29/2019,120622.60,115489.77,101053.55,87500.00
7/26/2019,120842.67,115489.77,101053.55,87500.00
7/25/2019,120038.41,115034.18,100854.23,87500.00
7/24/2019,120614.60,115261.98,100854.23,87500.00
7/23/2019,120050.42,114920.29,100654.91,87500.00
7/22/2019,119198.14,114464.71,100654.91,87500.00
7/19/2019,118906.06,114578.60,100654.91,87500.00
7/18/2019,119570.26,114464.71,100654.91,87500.00
7/17/2019,119134.12,114464.71,100654.91,87500.00
7/16/2019,119950.38,114920.29,100654.91,87500.00
7/15/2019,120338.51,115148.06,100654.91,87500.00
7/12/2019,120298.49,115034.18,100654.91,87500.00
7/11/2019,119762.32,114692.48,100355.92,87500.00
7/10/2019,119482.23,114692.48,100355.92,87500.00
7/9/2019,118914.05,114123.02,100355.92,87500.00
7/8/2019,118766.01,114123.02,100355.92,87500.00
7/5/2019,119422.21,114464.71,100355.92,87500.00
7/3/2019,119558.25,114692.48,100355.92,87500.00
7/2/2019,118609.95,114009.13,99757.99,87500.00
7/1/2019,118301.86,113667.41,99458.99,87500.00
6/28/2019,117237.52,113097.96,99060.36,87500.00
6/27/2019,116637.32,112756.26,99060.36,87500.00
6/26/2019,116225.19,112414.59,99060.36,87500.00
6/25/2019,116341.23,112528.49,99060.36,87500.00
6/24/2019,117493.60,113325.74,99060.36,87500.00
6/21/2019,117637.64,113325.74,99060.36,87500.00
6/20/2019,118381.88,113325.74,99060.36,87500.00
6/19/2019,117261.52,112756.26,99060.36,87500.00
6/18/2019,116997.44,112414.59,99060.36,87500.00
6/17/2019,115785.05,111731.22,99060.36,87500.00
6/14/2019,115741.04,111503.43,99060.36,87500.00
6/13/2019,115869.07,111617.33,99060.36,87500.00
6/12/2019,115392.93,111275.64,99060.36,87500.00
6/11/2019,115596.99,111503.43,99060.36,87500.00
6/10/2019,115625.00,111617.33,99060.36,87500.00
6/7/2019,115096.83,111161.75,99060.36,87500.00
6/6/2019,113956.46,110250.59,99060.36,87500.00
6/5/2019,113220.23,109681.10,99060.36,87500.00
6/4/2019,112247.92,108883.84,99060.36,87500.00
6/3/2019,109863.16,107289.31,99060.36,87500.00
5/31/2019,110143.24,107744.89,99060.36,87500.00
5/30/2019,111647.73,108656.04,99060.36,87500.00
5/29/2019,111343.63,108314.36,99060.36,87500.00
5/28/2019,112095.87,109111.62,99060.36,87500.00
5/24/2019,113148.21,109795.01,99060.36,87500.00
5/23/2019,112892.13,109453.31,99060.36,87500.00
5/22/2019,114288.58,110592.26,99060.36,87500.00
5/21/2019,114640.69,110820.06,99060.36,87500.00
5/20/2019,113616.36,110136.68,99060.36,87500.00
5/17/2019,114372.60,110820.06,99060.36,87500.00
5/16/2019,115116.84,111389.52,99060.36,87500.00
5/15/2019,114060.50,110592.26,99060.36,87500.00
5/14/2019,113396.29,110364.47,99060.36,87500.00
5/13/2019,112379.96,109453.31,99060.36,87500.00
5/10/2019,115276.89,111389.52,99060.36,87500.00
5/9/2019,114700.71,111047.84,99060.36,87500.00
5/8/2019,115048.82,111731.22,99060.36,87500.00
5/7/2019,115208.86,111275.64,99060.36,87500.00
5/6/2019,117165.50,112642.38,99060.36,87500.00
5/3/2019,117649.65,113097.96,99060.36,87500.00
5/2/2019,116509.28,112414.59,99060.36,87500.00
5/1/2019,116761.36,112414.59,99060.36,87500.00
4/30/2019,117645.64,113097.96,99060.36,87500.00
4/29/2019,117585.63,113211.84,99060.36,87500.00
4/26/2019,117401.57,112756.26,98761.40,87500.00
4/25/2019,116857.39,112642.38,98761.40,87500.00
4/24/2019,116929.42,112756.26,98761.40,87500.00
4/23/2019,117189.50,112870.17,98761.40,87500.00
4/22/2019,116145.16,112072.90,97964.13,87500.00
4/18/2019,116045.13,111959.01,97964.13,87500.00
4/17/2019,115817.07,112072.90,97964.13,87500.00
4/16/2019,116101.15,112072.90,97964.13,87500.00
4/15/2019,116025.13,111959.01,97964.13,87500.00
4/12/2019,116101.15,111959.01,97964.13,87500.00
4/11/2019,115320.90,111389.52,97565.50,87500.00
4/10/2019,115352.92,111503.43,97565.50,87500.00
4/9/2019,114960.79,111161.75,97565.50,87500.00
4/8/2019,115552.98,111503.43,97565.50,87500.00
4/5/2019,115464.95,111503.43,97565.50,87500.00
4/4/2019,114908.77,111047.84,97067.21,87500.00
4/3/2019,114604.68,110933.95,97067.21,87500.00
4/2/2019,114424.62,110706.17,96768.23,87500.00
4/1/2019,114368.59,110592.26,96768.23,87500.00
3/29/2019,113028.17,109681.10,96568.91,87500.00
3/28/2019,112319.94,108883.84,96568.91,87500.00
3/27/2019,111895.81,108997.71,96568.91,87500.00
3/26/2019,112483.99,109225.53,96568.91,87500.00
3/25/2019,111651.73,108656.04,96568.91,87500.00
3/22/2019,111735.76,109111.62,96568.91,87500.00
3/21/2019,113928.46,110364.47,96568.91,87500.00
3/20/2019,112656.05,109339.43,96070.63,87500.00
3/19/2019,112996.16,109795.01,96070.63,87500.00
3/18/2019,112968.15,109567.21,95871.31,87500.00
3/15/2019,112560.02,109225.53,95572.34,87500.00
3/14/2019,112500.00,108769.94,95373.00,87500.00
3/13/2019,112572.02,108997.71,95373.00,87500.00
3/12/2019,111831.78,108314.36,94974.38,87500.00
3/11/2019,111411.65,107858.79,94974.38,87500.00
3/8/2019,109819.14,107061.51,94974.38,87500.00
3/7/2019,110039.22,107061.51,94974.38,87500.00
3/6/2019,110967.51,107744.89,94974.38,87500.00
3/5/2019,111643.72,108314.36,94974.38,87500.00
3/4/2019,111795.77,108314.36,94974.38,87500.00
3/1/2019,112203.91,108656.04,94974.38,87500.00
2/28/2019,111507.68,108200.47,94974.38,87500.00
2/27/2019,111715.75,108428.26,94974.38,87500.00
2/26/2019,111763.77,108314.36,94974.38,87500.00
2/25/2019,111843.79,108542.14,94974.38,87500.00
2/22/2019,111691.75,108200.47,94675.41,87500.00
2/21/2019,111003.53,107630.98,94476.10,87500.00
2/20/2019,111399.65,108086.56,94476.10,87500.00
2/19/2019,111175.58,107972.68,94476.10,87500.00
2/15/2019,110983.51,107630.98,94177.11,87500.00
2/14/2019,109787.13,106833.72,93579.18,87500.00
2/13/2019,110031.21,106947.63,93579.18,87500.00
2/12/2019,109675.10,106719.82,93379.84,87500.00
2/11/2019,108282.65,105694.75,93180.54,87500.00
2/8/2019,108222.63,105580.89,93180.54,87500.00
2/7/2019,108090.60,105580.89,93180.54,87500.00
2/6/2019,109130.92,106378.14,93180.54,87500.00
2/5/2019,109274.97,106492.05,93180.54,87500.00
2/4/2019,108818.82,106150.35,92881.55,87500.00
2/1/2019,108058.58,105580.89,92582.58,87500.00
1/31/2019,108006.56,105808.66,92582.58,87500.00
1/30/2019,107066.26,105011.40,91884.98,87500.00
1/29/2019,105397.73,103758.55,91486.34,87500.00
1/28/2019,105537.78,103872.44,91486.34,87500.00
1/25/2019,106346.03,104441.92,91486.34,87500.00
1/24/2019,105453.74,103758.55,91486.34,87500.00
1/23/2019,105397.73,103986.34,91486.34,87500.00
1/22/2019,105177.65,103758.55,91486.34,87500.00
1/18/2019,106618.12,104555.82,91486.34,87500.00
1/17/2019,105217.67,103302.97,90390.10,87500.00
1/16/2019,104425.42,102961.28,90091.12,87500.00
1/15/2019,104173.34,102619.61,89792.15,87500.00
1/14/2019,102992.96,101936.23,89592.83,87500.00
1/11/2019,103625.17,102277.92,89592.83,87500.00
1/10/2019,103585.15,102391.81,89592.83,87500.00
1/9/2019,103221.03,102050.12,89293.85,87500.00
1/8/2019,102740.87,101708.44,88994.89,87500.00
1/7/2019,101784.57,101252.86,88596.25,87500.00
1/4/2019,100988.32,100683.38,88097.96,87500.00
1/3/2019,97715.27,98861.07,87500.00,87500.00
1/2/2019,100104.03,99886.12,87500.00,87500.00
12/31/2018,100000.00,100000.00,87500.00,87500.00
